,Partita,Rt-5h,Rt-4h,Rt-3h,Rt-2h,Rt-1h,Classifica h,Rt-5a,Rt-4a,Rt-3a,Rt-2a,Rt-1a,Classifica a,MGf h,MGs h,MGf a,MGs a,SGf h,SGs h,SGf a,SGs a,Gf-5h,Gf-4h,Gf-3h,Gf-2h,Gf-1h,Gs-5h,Gs-4h,Gs-3h,Gs-2h,Gs-1h,Gf-5a,Gf-4a,Gf-3a,Gf-2a,Gf-1a,Gs-5a,Gs-4a,Gs-3a,Gs-2a,Gs-1a,yGf,yGs
0,Juventus-Lecce,2.0,1.0,2.0,2.0,0.0,4.0,2.0,1.0,2.0,1.0,2.0,3.0,2.0,1.0,1.3333333333333333,0.8333333333333334,0.8944271909999159,1.5491933384829668,0.816496580927726,0.752772652709081,3.0,1.0,2.0,3.0,2.0,0.0,1.0,0.0,1.0,4.0,2.0,2.0,2.0,1.0,1.0,1.0,2.0,0.0,1.0,0.0,1.0,0.0
1,Cagliari-Milan,1.0,0.0,0.0,1.0,0.0,19.0,2.0,2.0,2.0,0.0,2.0,2.0,0.3333333333333333,1.5,2.1666666666666665,1.3333333333333333,0.5163977794943223,1.224744871391589,1.1690451944500122,1.8618986725025253,0.0,0.0,1.0,0.0,0.0,0.0,2.0,2.0,0.0,2.0,2.0,4.0,2.0,1.0,1.0,0.0,1.0,1.0,5.0,0.0,1.0,3.0
2,Empoli-Salernitana,0.0,0.0,0.0,0.0,0.0,20.0,1.0,1.0,0.0,0.0,1.0,17.0,0.1666666666666666,2.1666666666666665,0.6666666666666666,1.6666666666666667,0.408248290463863,2.4832774042918904,0.816496580927726,0.816496580927726,0.0,0.0,0.0,0.0,0.0,1.0,2.0,2.0,7.0,1.0,2.0,1.0,0.0,0.0,1.0,2.0,1.0,2.0,3.0,1.0,1.0,0.0
3,Verona-Atalanta,2.0,2.0,0.0,1.0,0.0,10.0,2.0,0.0,2.0,0.0,2.0,6.0,0.6666666666666666,1.0,1.8333333333333333,0.8333333333333334,0.816496580927726,1.095445115010332,0.752772652709081,1.3291601358251257,1.0,2.0,1.0,0.0,0.0,0.0,1.0,3.0,0.0,1.0,2.0,1.0,3.0,2.0,2.0,0.0,2.0,0.0,3.0,0.0,0.0,1.0
4,Inter-Sassuolo,2.0,2.0,2.0,2.0,2.0,1.0,0.0,0.0,2.0,0.0,2.0,12.0,2.5,0.5,1.8333333333333333,2.0,1.6431676725154984,0.8366600265340756,1.6020819787597222,1.095445115010332,2.0,2.0,4.0,5.0,1.0,0.0,0.0,0.0,1.0,0.0,0.0,0.0,3.0,2.0,4.0,2.0,2.0,1.0,4.0,2.0,1.0,2.0
5,Lazio-Torino,0.0,0.0,2.0,0.0,1.0,15.0,1.0,0.0,2.0,2.0,1.0,9.0,1.1666666666666667,1.3333333333333333,1.0,1.1666666666666667,0.752772652709081,1.0327955589886446,1.095445115010332,1.602081978759722,1.0,0.0,2.0,1.0,1.0,2.0,1.0,1.0,3.0,1.0,0.0,1.0,1.0,3.0,1.0,0.0,4.0,0.0,0.0,1.0,2.0,0.0
6,Napoli-Udinese,2.0,2.0,0.0,1.0,1.0,7.0,0.0,1.0,1.0,1.0,0.0,18.0,2.0,1.0,0.3333333333333333,1.6666666666666667,1.4142135623730951,0.8944271909999159,0.5163977794943223,1.632993161855452,3.0,2.0,1.0,2.0,0.0,1.0,0.0,2.0,2.0,0.0,0.0,1.0,0.0,0.0,0.0,3.0,1.0,0.0,0.0,2.0,4.0,1.0
7,Frosinone-Fiorentina,0.0,2.0,1.0,2.0,1.0,8.0,2.0,1.0,0.0,2.0,2.0,5.0,1.5,1.3333333333333333,2.0,1.6666666666666667,1.378404875209022,1.0327955589886444,1.4142135623730951,1.3662601021279464,1.0,2.0,0.0,4.0,1.0,3.0,1.0,0.0,2.0,1.0,4.0,2.0,0.0,3.0,2.0,1.0,2.0,4.0,2.0,0.0,1.0,1.0
8,Monza-Bologna,0.0,2.0,0.0,1.0,1.0,14.0,0.0,1.0,2.0,1.0,1.0,11.0,0.6666666666666666,1.1666666666666667,0.5,0.6666666666666666,0.816496580927726,1.1690451944500122,0.8366600265340756,0.816496580927726,0.0,2.0,0.0,1.0,1.0,2.0,0.0,3.0,1.0,1.0,0.0,1.0,2.0,0.0,0.0,2.0,1.0,1.0,0.0,0.0,0.0,0.0
9,Genoa-Roma,0.0,2.0,0.0,1.0,0.0,16.0,1.0,0.0,0.0,2.0,1.0,13.0,1.3333333333333333,1.5,2.1666666666666665,1.8333333333333333,1.505545305418162,1.378404875209022,2.401388487243717,1.3291601358251257,1.0,1.0,0.0,2.0,0.0,4.0,0.0,1.0,2.0,1.0,2.0,1.0,1.0,7.0,1.0,2.0,2.0,2.0,0.0,1.0,4.0,1.0
10,Lecce-Napoli,1.0,2.0,1.0,2.0,0.0,6.0,2.0,0.0,1.0,1.0,2.0,5.0,1.1428571428571428,1.2857142857142858,2.2857142857142856,0.8571428571428571,0.8997354108424372,1.3801311186847085,1.4960264830861911,0.8997354108424372,2.0,2.0,1.0,1.0,0.0,2.0,0.0,1.0,0.0,1.0,2.0,1.0,2.0,0.0,4.0,0.0,2.0,2.0,0.0,1.0,0.0,4.0
11,Milan-Lazio,2.0,2.0,0.0,2.0,2.0,2.0,0.0,2.0,0.0,1.0,2.0,12.0,2.142857142857143,1.1428571428571428,1.0,1.4285714285714286,1.0690449676496974,1.772810520855837,0.816496580927726,0.9759000729485332,4.0,2.0,1.0,1.0,3.0,1.0,1.0,5.0,0.0,1.0,0.0,2.0,1.0,1.0,2.0,1.0,1.0,3.0,1.0,0.0,2.0,0.0
12,Salernitana-Inter,1.0,0.0,0.0,1.0,0.0,17.0,2.0,2.0,2.0,2.0,0.0,1.0,0.5714285714285714,2.0,2.7142857142857144,0.4285714285714285,0.7867957924694431,1.1547005383792517,1.6035674514745464,0.7867957924694431,1.0,0.0,0.0,1.0,0.0,1.0,2.0,3.0,1.0,1.0,2.0,4.0,5.0,1.0,1.0,0.0,0.0,1.0,0.0,2.0,0.0,4.0
13,Bologna-Empoli,1.0,2.0,1.0,1.0,1.0,13.0,0.0,0.0,0.0,0.0,2.0,19.0,0.8571428571428571,0.5714285714285714,0.1428571428571428,2.2857142857142856,1.2149857925879115,0.7867957924694431,0.3779644730092272,2.288688541085317,1.0,2.0,0.0,0.0,0.0,1.0,1.0,0.0,0.0,0.0,0.0,0.0,0.0,0.0,1.0,2.0,2.0,7.0,1.0,0.0,3.0,0.0
14,Udinese-Genoa,1.0,1.0,1.0,0.0,0.0,18.0,2.0,0.0,1.0,0.0,2.0,11.0,0.5714285714285714,1.7142857142857142,1.4285714285714286,1.5714285714285714,0.7867957924694432,1.4960264830861911,1.3972762620115435,1.272418020560704,1.0,0.0,0.0,0.0,1.0,1.0,0.0,0.0,2.0,4.0,1.0,0.0,2.0,0.0,4.0,0.0,1.0,2.0,1.0,1.0,2.0,2.0
15,Atalanta-Juventus,0.0,2.0,0.0,2.0,2.0,4.0,1.0,2.0,2.0,0.0,2.0,3.0,1.5714285714285714,0.7142857142857143,1.7142857142857142,0.8571428571428571,0.9759000729485332,1.2535663410560174,1.1126972805283737,1.4638501094227998,1.0,3.0,2.0,2.0,1.0,2.0,0.0,3.0,0.0,0.0,1.0,2.0,3.0,2.0,1.0,1.0,0.0,1.0,4.0,0.0,0.0,0.0
16,Roma-Frosinone,0.0,0.0,2.0,1.0,0.0,16.0,2.0,1.0,2.0,1.0,1.0,8.0,2.142857142857143,1.5714285714285714,1.2857142857142858,1.4285714285714286,2.1930626551751344,1.3972762620115438,1.3801311186847085,0.9759000729485332,1.0,1.0,7.0,1.0,1.0,2.0,2.0,0.0,1.0,4.0,2.0,0.0,4.0,1.0,1.0,1.0,0.0,2.0,1.0,1.0,2.0,0.0
17,Sassuolo-Monza,0.0,2.0,0.0,2.0,2.0,9.0,2.0,0.0,1.0,1.0,1.0,15.0,1.5714285714285714,1.8571428571428568,0.7142857142857143,1.0,1.618347187425374,1.0690449676496976,0.7559289460184544,1.1547005383792517,0.0,3.0,2.0,4.0,2.0,2.0,1.0,4.0,2.0,1.0,2.0,0.0,1.0,1.0,0.0,0.0,3.0,1.0,1.0,0.0,0.0,1.0
18,Torino-Verona,0.0,2.0,2.0,1.0,0.0,10.0,2.0,0.0,1.0,0.0,0.0,14.0,0.8571428571428571,1.0,0.5714285714285714,0.8571428571428571,1.0690449676496976,1.5275252316519468,0.7867957924694431,1.0690449676496974,1.0,1.0,3.0,1.0,0.0,4.0,0.0,0.0,1.0,2.0,2.0,1.0,0.0,0.0,0.0,1.0,3.0,0.0,1.0,1.0,0.0,0.0
19,Fiorentina-Cagliari,1.0,0.0,2.0,2.0,1.0,7.0,0.0,0.0,1.0,0.0,0.0,20.0,2.142857142857143,1.4285714285714286,0.2857142857142857,1.7142857142857142,1.3451854182690983,1.3972762620115438,0.4879500364742666,1.2535663410560174,2.0,0.0,3.0,2.0,1.0,2.0,4.0,2.0,0.0,1.0,0.0,1.0,0.0,0.0,1.0,2.0,2.0,0.0,2.0,3.0,3.0,0.0
20,Empoli-Udinese,0.0,0.0,0.0,2.0,0.0,19.0,1.0,1.0,0.0,0.0,1.0,17.0,0.125,2.0,0.5,1.5,0.3535533905932738,2.2677868380553634,0.7559289460184544,1.5118578920369088,0.0,0.0,0.0,1.0,0.0,2.0,7.0,1.0,0.0,3.0,0.0,0.0,0.0,1.0,2.0,0.0,0.0,2.0,4.0,2.0,0.0,0.0
21,Lecce-Sassuolo,2.0,1.0,2.0,0.0,0.0,7.0,2.0,0.0,2.0,2.0,0.0,11.0,1.125,1.25,1.5,1.75,0.8345229603962802,1.2817398889233114,1.5118578920369088,1.035098339013531,2.0,1.0,1.0,0.0,0.0,0.0,1.0,0.0,1.0,4.0,3.0,2.0,4.0,2.0,0.0,1.0,4.0,2.0,1.0,1.0,1.0,1.0
22,Inter-Bologna,2.0,2.0,2.0,0.0,2.0,1.0,2.0,1.0,1.0,1.0,2.0,8.0,2.625,0.625,1.0,0.75,1.5059406173077154,0.9161253813129044,1.1952286093343936,0.8864052604279183,4.0,5.0,1.0,1.0,4.0,0.0,1.0,0.0,2.0,0.0,2.0,0.0,0.0,0.0,3.0,1.0,0.0,0.0,0.0,0.0,2.0,2.0
23,Juventus-Torino,2.0,2.0,0.0,2.0,1.0,4.0,2.0,2.0,1.0,0.0,1.0,10.0,1.75,0.75,0.75,1.125,1.035098339013531,1.3887301496588271,1.035098339013531,1.4577379737113252,2.0,3.0,2.0,1.0,0.0,0.0,1.0,4.0,0.0,0.0,1.0,3.0,1.0,0.0,0.0,0.0,0.0,1.0,2.0,0.0,2.0,0.0
24,Genoa-Milan,0.0,1.0,0.0,2.0,1.0,14.0,2.0,0.0,2.0,2.0,2.0,2.0,1.25,1.5,2.0,1.0,1.3887301496588271,1.1952286093343936,1.0690449676496976,1.6903085094570331,0.0,2.0,0.0,4.0,2.0,1.0,2.0,1.0,1.0,2.0,2.0,1.0,1.0,3.0,2.0,1.0,5.0,0.0,1.0,0.0,0.0,1.0
25,Monza-Salernitana,0.0,1.0,1.0,1.0,2.0,12.0,0.0,0.0,1.0,0.0,0.0,18.0,1.0,0.875,0.5,2.125,1.0690449676496976,1.1259916264596033,0.7559289460184544,1.1259916264596033,0.0,1.0,1.0,0.0,1.0,3.0,1.0,1.0,0.0,0.0,0.0,0.0,1.0,0.0,0.0,2.0,3.0,1.0,1.0,4.0,3.0,0.0
26,Frosinone-Verona,1.0,2.0,1.0,1.0,0.0,9.0,0.0,1.0,0.0,0.0,1.0,15.0,1.375,1.375,0.625,1.0,1.3024701806293193,0.9161253813129044,0.7440238091428449,1.0690449676496976,0.0,4.0,1.0,1.0,0.0,0.0,2.0,1.0,1.0,2.0,1.0,0.0,0.0,0.0,0.0,3.0,0.0,1.0,1.0,0.0,2.0,1.0
27,Lazio-Atalanta,2.0,0.0,1.0,2.0,0.0,16.0,2.0,0.0,2.0,2.0,1.0,6.0,1.25,1.5,1.625,1.0,1.035098339013531,0.9258200997725514,0.9161253813129044,1.4142135623730951,2.0,1.0,1.0,2.0,0.0,1.0,3.0,1.0,0.0,2.0,3.0,2.0,2.0,1.0,0.0,0.0,3.0,0.0,0.0,0.0,3.0,2.0
28,Cagliari-Roma,0.0,1.0,0.0,0.0,0.0,20.0,0.0,2.0,1.0,0.0,2.0,13.0,0.375,2.0,2.375,1.5,0.5175491695067657,1.4142135623730951,2.1339098923270936,1.3093073414159542,1.0,0.0,0.0,1.0,0.0,2.0,0.0,2.0,3.0,3.0,1.0,7.0,1.0,1.0,2.0,2.0,0.0,1.0,4.0,0.0,1.0,4.0
29,Napoli-Fiorentina,0.0,1.0,1.0,2.0,2.0,3.0,0.0,2.0,2.0,1.0,2.0,5.0,2.125,1.125,2.25,1.375,1.4577379737113252,1.1259916264596033,1.2817398889233114,1.3024701806293193,1.0,2.0,0.0,4.0,4.0,2.0,2.0,0.0,1.0,0.0,0.0,3.0,2.0,1.0,3.0,4.0,2.0,0.0,1.0,0.0,1.0,3.0
30,Verona-Napoli,1.0,0.0,0.0,1.0,0.0,16.0,1.0,1.0,2.0,2.0,0.0,5.0,0.6666666666666666,1.2222222222222223,2.2222222222222223,1.1111111111111112,0.7071067811865476,1.2018504251546631,1.3944333775567928,1.0540925533894598,0.0,0.0,0.0,0.0,1.0,0.0,1.0,1.0,0.0,2.0,2.0,0.0,4.0,4.0,1.0,2.0,0.0,1.0,0.0,3.0,1.0,3.0
31,Torino-Inter,2.0,1.0,0.0,1.0,0.0,14.0,2.0,2.0,0.0,2.0,1.0,2.0,0.6666666666666666,1.3333333333333333,2.6666666666666665,0.5555555555555556,1.0,1.5,1.4142135623730951,0.881917103688197,3.0,1.0,0.0,0.0,0.0,0.0,1.0,2.0,0.0,2.0,5.0,1.0,1.0,4.0,2.0,1.0,0.0,2.0,0.0,2.0,0.0,3.0
32,Sassuolo-Lazio,0.0,2.0,2.0,0.0,1.0,12.0,0.0,1.0,2.0,0.0,2.0,13.0,1.3333333333333333,1.7777777777777777,1.3333333333333333,1.3333333333333333,1.5000000000000002,0.9718253158075502,1.0,1.0,2.0,4.0,2.0,0.0,1.0,4.0,2.0,1.0,1.0,1.0,1.0,1.0,2.0,0.0,3.0,3.0,1.0,0.0,2.0,2.0,0.0,2.0
33,Roma-Monza,2.0,1.0,0.0,2.0,2.0,10.0,1.0,1.0,1.0,2.0,2.0,7.0,2.2222222222222223,1.3333333333333333,0.8888888888888888,0.8888888888888888,2.048034287907418,1.3228756555322954,1.0540925533894598,1.0540925533894598,7.0,1.0,1.0,2.0,4.0,0.0,1.0,4.0,0.0,1.0,1.0,1.0,0.0,1.0,3.0,1.0,1.0,0.0,0.0,0.0,1.0,0.0
34,Bologna-Frosinone,1.0,1.0,1.0,2.0,1.0,11.0,2.0,1.0,1.0,0.0,2.0,8.0,1.1111111111111112,0.7777777777777778,1.3333333333333333,1.4444444444444444,1.1666666666666667,0.8333333333333334,1.2247448713915892,0.881917103688197,0.0,0.0,0.0,3.0,2.0,0.0,0.0,0.0,0.0,2.0,4.0,1.0,1.0,0.0,2.0,2.0,1.0,1.0,2.0,1.0,2.0,1.0
35,Salernitana-Cagliari,0.0,1.0,0.0,0.0,0.0,19.0,1.0,0.0,0.0,0.0,0.0,20.0,0.6666666666666666,2.111111111111111,0.5555555555555556,2.0,0.8660254037844388,1.0540925533894598,0.7264831572567789,1.3228756555322954,0.0,1.0,0.0,0.0,0.0,3.0,1.0,1.0,4.0,3.0,0.0,0.0,1.0,0.0,1.0,0.0,2.0,3.0,3.0,4.0,2.0,2.0
36,Atalanta-Genoa,0.0,2.0,2.0,1.0,0.0,6.0,1.0,0.0,2.0,1.0,0.0,15.0,1.6666666666666667,0.8888888888888888,1.1111111111111112,1.5555555555555556,0.8660254037844386,1.3642254619787415,1.3642254619787415,1.1303883305208784,2.0,2.0,1.0,0.0,2.0,3.0,0.0,0.0,0.0,3.0,2.0,0.0,4.0,2.0,0.0,2.0,1.0,1.0,2.0,1.0,2.0,0.0
37,Milan-Juventus,0.0,2.0,2.0,2.0,2.0,1.0,2.0,0.0,2.0,1.0,2.0,3.0,1.7777777777777777,1.0,1.6666666666666667,0.6666666666666666,1.2018504251546631,1.5811388300841898,1.0,1.3228756555322954,1.0,1.0,3.0,2.0,1.0,5.0,0.0,1.0,0.0,0.0,3.0,2.0,1.0,0.0,2.0,1.0,4.0,0.0,0.0,0.0,0.0,1.0
38,Udinese-Lecce,1.0,0.0,0.0,1.0,1.0,17.0,1.0,2.0,0.0,0.0,1.0,9.0,0.5555555555555556,1.4444444444444444,1.1111111111111112,1.2222222222222223,0.7264831572567789,1.4240006242195886,0.7817359599705717,1.2018504251546631,0.0,0.0,1.0,2.0,0.0,0.0,2.0,4.0,2.0,0.0,1.0,1.0,0.0,0.0,1.0,1.0,0.0,1.0,4.0,1.0,1.0,1.0
39,Fiorentina-Empoli,2.0,2.0,1.0,2.0,2.0,4.0,0.0,0.0,2.0,0.0,1.0,18.0,2.0,1.4444444444444444,0.3333333333333333,1.7777777777777777,1.4142135623730951,1.2360330811826103,0.7071067811865476,2.223610677354389,3.0,2.0,1.0,3.0,3.0,2.0,0.0,1.0,0.0,1.0,0.0,0.0,1.0,0.0,0.0,7.0,1.0,0.0,3.0,0.0,0.0,2.0
40,Genoa-Salernitana,0.0,2.0,1.0,0.0,0.0,15.0,1.0,0.0,0.0,0.0,1.0,19.0,1.1,1.4,0.6,2.0,1.286683937707919,1.1737877907772671,0.8432740427115678,1.0540925533894598,0.0,4.0,2.0,0.0,0.0,1.0,1.0,2.0,1.0,2.0,1.0,0.0,0.0,0.0,2.0,1.0,1.0,4.0,3.0,2.0,1.0,0.0
41,Sassuolo-Bologna,2.0,2.0,0.0,1.0,0.0,13.0,1.0,1.0,2.0,1.0,2.0,8.0,1.3,1.7,1.1,0.8,1.4181364924121764,0.9486832980505138,1.100504934614612,0.7888106377466155,4.0,2.0,0.0,1.0,0.0,2.0,1.0,1.0,1.0,2.0,0.0,0.0,3.0,2.0,2.0,0.0,0.0,0.0,2.0,1.0,1.0,1.0
42,Lecce-Torino,2.0,0.0,0.0,1.0,1.0,10.0,1.0,0.0,1.0,0.0,0.0,14.0,1.0,1.2,0.7,1.2,0.816496580927726,1.1352924243950933,0.9486832980505138,1.4757295747452437,1.0,0.0,0.0,1.0,1.0,0.0,1.0,4.0,1.0,1.0,1.0,0.0,0.0,0.0,0.0,1.0,2.0,0.0,2.0,3.0,0.0,1.0
43,Juventus-Verona,0.0,2.0,1.0,2.0,2.0,3.0,0.0,0.0,1.0,0.0,0.0,16.0,1.6,0.6,0.6,1.2,0.966091783079296,1.2649110640673515,0.699205898780101,1.1352924243950933,2.0,1.0,0.0,2.0,1.0,4.0,0.0,0.0,0.0,0.0,0.0,0.0,0.0,1.0,1.0,1.0,1.0,0.0,2.0,3.0,1.0,0.0
44,Cagliari-Frosinone,0.0,0.0,0.0,0.0,1.0,20.0,1.0,1.0,0.0,2.0,0.0,12.0,0.9,2.1,1.5,1.7,1.286683937707919,1.286683937707919,1.2692955176439846,1.1595018087284057,0.0,1.0,0.0,1.0,2.0,2.0,3.0,3.0,4.0,2.0,1.0,1.0,0.0,2.0,1.0,1.0,1.0,2.0,1.0,2.0,4.0,3.0
45,Monza-Udinese,1.0,1.0,2.0,2.0,0.0,11.0,0.0,0.0,1.0,1.0,1.0,18.0,0.9,0.9,0.6,1.4,0.9944289260117531,0.9944289260117531,0.6992058987801011,1.349897115421106,1.0,0.0,1.0,3.0,0.0,1.0,0.0,0.0,0.0,1.0,0.0,1.0,2.0,0.0,1.0,2.0,4.0,2.0,0.0,1.0,1.0,1.0
46,Inter-Roma,2.0,0.0,2.0,1.0,2.0,1.0,1.0,0.0,2.0,2.0,2.0,7.0,2.5,0.5,2.0,1.3,1.4337208778404378,0.8498365855987975,2.0548046676563256,1.2516655570345725,1.0,1.0,4.0,2.0,3.0,0.0,2.0,0.0,2.0,0.0,1.0,1.0,2.0,4.0,1.0,1.0,4.0,0.0,1.0,0.0,1.0,0.0
47,Napoli-Milan,1.0,2.0,2.0,0.0,2.0,4.0,2.0,2.0,2.0,2.0,0.0,2.0,2.2,1.2,1.8,1.1,1.3165611772087666,1.0327955589886444,1.1352924243950933,1.5238839267549948,0.0,4.0,4.0,1.0,3.0,0.0,1.0,0.0,3.0,1.0,1.0,3.0,2.0,1.0,0.0,0.0,1.0,0.0,0.0,1.0,2.0,2.0
48,Empoli-Atalanta,0.0,2.0,0.0,1.0,2.0,17.0,2.0,2.0,1.0,0.0,2.0,6.0,0.3,1.9,1.8,0.8,0.6749485577105528,2.131770260709264,0.9189365834726816,1.3165611772087669,0.0,1.0,0.0,0.0,2.0,1.0,0.0,3.0,0.0,0.0,2.0,1.0,0.0,2.0,2.0,0.0,0.0,0.0,3.0,0.0,0.0,3.0
49,Lazio-Fiorentina,1.0,2.0,0.0,2.0,2.0,9.0,2.0,1.0,2.0,2.0,0.0,5.0,1.3,1.2,1.8,1.4,0.9486832980505138,1.0327955589886444,1.4757295747452437,1.1737877907772674,1.0,2.0,0.0,3.0,2.0,1.0,0.0,2.0,2.0,0.0,2.0,1.0,3.0,3.0,0.0,0.0,1.0,0.0,1.0,2.0,1.0,0.0
50,Bologna-Lazio,1.0,2.0,1.0,2.0,1.0,8.0,2.0,0.0,2.0,2.0,2.0,7.0,1.0909090909090908,0.7272727272727273,1.181818181818182,1.181818181818182,1.044465935734187,0.7862453931068966,0.9816498172140428,0.9816498172140428,0.0,3.0,2.0,2.0,1.0,0.0,0.0,2.0,1.0,1.0,2.0,0.0,3.0,2.0,1.0,0.0,2.0,2.0,0.0,0.0,1.0,0.0
51,Salernitana-Napoli,0.0,0.0,0.0,1.0,0.0,20.0,2.0,2.0,0.0,2.0,1.0,5.0,0.5454545454545454,2.0,2.1818181818181817,1.0909090909090908,0.8201995322647243,1.0,1.2504544628399563,1.044465935734187,0.0,0.0,0.0,2.0,0.0,1.0,4.0,3.0,2.0,1.0,4.0,4.0,1.0,3.0,2.0,1.0,0.0,3.0,1.0,2.0,0.0,2.0
52,Atalanta-Inter,2.0,1.0,0.0,2.0,2.0,4.0,0.0,2.0,1.0,2.0,2.0,1.0,1.7272727272727273,0.9090909090909092,2.4545454545454546,0.5454545454545454,0.904534033733291,1.300349603340998,1.3684762594679063,0.8201995322647243,1.0,0.0,2.0,2.0,3.0,0.0,0.0,3.0,0.0,0.0,1.0,4.0,2.0,3.0,1.0,2.0,0.0,2.0,0.0,0.0,1.0,2.0
53,Milan-Udinese,2.0,2.0,2.0,0.0,1.0,3.0,0.0,1.0,1.0,1.0,1.0,17.0,1.6363636363636365,1.0909090909090908,0.6363636363636364,1.2727272727272727,1.2060453783110543,1.4459976109624426,0.674199862463242,1.3483997249264843,3.0,2.0,1.0,0.0,2.0,1.0,0.0,0.0,1.0,2.0,1.0,2.0,0.0,1.0,1.0,4.0,2.0,0.0,1.0,1.0,0.0,1.0
54,Verona-Monza,0.0,1.0,0.0,0.0,0.0,16.0,1.0,2.0,2.0,0.0,1.0,10.0,0.6363636363636364,1.3636363636363635,1.0909090909090908,0.9090909090909092,0.6741998624632421,1.2060453783110543,1.136181803634036,0.9438798074485388,0.0,0.0,1.0,1.0,0.0,1.0,0.0,2.0,3.0,1.0,0.0,1.0,3.0,0.0,1.0,0.0,0.0,0.0,1.0,1.0,1.0,3.0
55,Cagliari-Genoa,0.0,0.0,0.0,1.0,2.0,19.0,2.0,1.0,0.0,0.0,2.0,14.0,1.0,2.0,1.0909090909090908,1.4545454545454546,1.2649110640673518,1.2649110640673518,1.2210278829367864,1.1281521496355325,1.0,0.0,1.0,2.0,4.0,3.0,3.0,4.0,2.0,3.0,4.0,2.0,0.0,0.0,1.0,1.0,2.0,1.0,2.0,0.0,2.0,1.0
56,Roma-Lecce,0.0,2.0,2.0,2.0,0.0,9.0,0.0,0.0,1.0,1.0,0.0,11.0,2.0,1.2727272727272727,1.0,1.2727272727272727,1.949358868961793,1.1908743922772955,0.7745966692414834,1.1037127426019049,1.0,2.0,4.0,1.0,0.0,4.0,0.0,1.0,0.0,1.0,0.0,0.0,1.0,1.0,0.0,1.0,4.0,1.0,1.0,1.0,2.0,1.0
57,Fiorentina-Juventus,1.0,2.0,2.0,0.0,0.0,6.0,2.0,1.0,2.0,2.0,2.0,2.0,1.6363636363636365,1.3636363636363635,1.5454545454545454,0.5454545454545454,1.5015143870590966,1.12006493318265,0.9341987329938276,1.2135597524338355,1.0,3.0,3.0,0.0,0.0,1.0,0.0,1.0,2.0,1.0,1.0,0.0,2.0,1.0,1.0,0.0,0.0,0.0,0.0,0.0,0.0,1.0
58,Frosinone-Empoli,1.0,0.0,2.0,0.0,0.0,12.0,2.0,0.0,1.0,2.0,0.0,18.0,1.5454545454545454,1.6363636363636365,0.3636363636363636,1.9090909090909087,1.2135597524338355,1.12006493318265,0.674199862463242,2.0225995873897262,1.0,0.0,2.0,1.0,3.0,1.0,2.0,1.0,2.0,4.0,1.0,0.0,0.0,2.0,0.0,0.0,3.0,0.0,0.0,3.0,2.0,1.0
59,Torino-Sassuolo,0.0,1.0,0.0,0.0,2.0,13.0,2.0,0.0,1.0,0.0,1.0,15.0,0.8181818181818182,1.181818181818182,1.2727272727272727,1.7272727272727273,0.9816498172140428,1.4012980994907414,1.3483997249264843,0.9045340337332908,0.0,0.0,0.0,0.0,1.0,2.0,0.0,2.0,3.0,0.0,2.0,0.0,1.0,0.0,1.0,1.0,1.0,1.0,2.0,1.0,2.0,1.0
60,Sassuolo-Salernitana,0.0,1.0,0.0,1.0,0.0,15.0,0.0,0.0,1.0,0.0,0.0,20.0,1.3333333333333333,1.75,0.6666666666666666,2.0,1.3026778945578592,0.8660254037844386,0.8876253645985948,0.9534625892455924,0.0,1.0,0.0,1.0,1.0,1.0,1.0,2.0,1.0,2.0,0.0,0.0,2.0,0.0,0.0,4.0,3.0,2.0,1.0,2.0,2.0,2.0
61,Genoa-Verona,1.0,0.0,0.0,2.0,0.0,14.0,1.0,0.0,0.0,0.0,0.0,18.0,1.0833333333333333,1.3333333333333333,0.5833333333333334,1.3333333333333333,1.1645001528813153,1.1547005383792517,0.6685579234215214,1.1547005383792517,2.0,0.0,0.0,1.0,1.0,2.0,1.0,2.0,0.0,2.0,0.0,1.0,1.0,0.0,1.0,0.0,2.0,3.0,1.0,3.0,1.0,0.0
62,Lecce-Milan,0.0,1.0,1.0,0.0,0.0,13.0,2.0,2.0,0.0,1.0,0.0,3.0,1.0833333333333333,1.3333333333333333,1.6666666666666667,1.1666666666666667,0.7929614610987591,1.0730867399773196,1.1547005383792517,1.403458930534474,0.0,1.0,1.0,0.0,1.0,4.0,1.0,1.0,1.0,2.0,2.0,1.0,0.0,2.0,0.0,0.0,0.0,1.0,2.0,1.0,2.0,2.0
63,Juventus-Cagliari,1.0,2.0,2.0,2.0,2.0,2.0,0.0,0.0,1.0,2.0,2.0,17.0,1.5833333333333333,0.5833333333333334,1.0,2.0,0.90033663737852,1.1645001528813153,1.2060453783110543,1.2060453783110543,0.0,2.0,1.0,1.0,1.0,0.0,0.0,0.0,0.0,0.0,0.0,1.0,2.0,4.0,2.0,3.0,4.0,2.0,3.0,1.0,2.0,1.0
64,Monza-Torino,2.0,2.0,0.0,1.0,2.0,9.0,1.0,0.0,0.0,2.0,2.0,12.0,1.0833333333333333,0.9166666666666666,0.8333333333333334,1.1666666666666667,1.0836246694508318,0.90033663737852,0.9374368665610922,1.337115846843043,1.0,3.0,0.0,1.0,3.0,0.0,0.0,1.0,1.0,1.0,0.0,0.0,0.0,1.0,2.0,0.0,2.0,3.0,0.0,1.0,1.0,1.0
65,Napoli-Empoli,2.0,0.0,2.0,1.0,2.0,4.0,0.0,1.0,2.0,0.0,0.0,19.0,2.0,1.0833333333333333,0.4166666666666667,1.75,1.348399724926484,0.996204919895622,0.6685579234215214,2.0056737702645644,4.0,1.0,3.0,2.0,2.0,0.0,3.0,1.0,2.0,0.0,0.0,0.0,2.0,0.0,1.0,3.0,0.0,0.0,3.0,2.0,0.0,1.0
66,Fiorentina-Bologna,2.0,2.0,0.0,0.0,0.0,8.0,2.0,1.0,2.0,1.0,2.0,6.0,1.6666666666666667,1.3333333333333333,1.0833333333333333,0.8333333333333334,1.4354811251305468,1.0730867399773196,0.996204919895622,0.8348471099367218,3.0,3.0,0.0,0.0,0.0,0.0,1.0,2.0,1.0,1.0,3.0,2.0,2.0,1.0,1.0,0.0,2.0,1.0,1.0,0.0,2.0,1.0
67,Udinese-Atalanta,1.0,1.0,1.0,1.0,2.0,16.0,1.0,0.0,2.0,2.0,0.0,5.0,0.6666666666666666,1.25,1.6666666666666667,0.9166666666666666,0.6513389472789295,1.288057028664069,0.8876253645985945,1.2401124093721456,2.0,0.0,1.0,1.0,1.0,2.0,0.0,1.0,1.0,0.0,0.0,2.0,2.0,3.0,1.0,0.0,3.0,0.0,0.0,2.0,1.0,1.0
68,Lazio-Roma,0.0,2.0,2.0,2.0,0.0,10.0,2.0,2.0,2.0,0.0,2.0,7.0,1.0833333333333333,1.0833333333333333,1.8333333333333333,1.1666666666666667,0.996204919895622,0.996204919895622,1.9462473604038075,1.19341628287971,0.0,3.0,2.0,1.0,0.0,2.0,2.0,0.0,0.0,1.0,2.0,4.0,1.0,0.0,2.0,0.0,1.0,0.0,1.0,1.0,0.0,0.0
69,Inter-Frosinone,2.0,1.0,2.0,2.0,2.0,1.0,0.0,2.0,0.0,0.0,2.0,11.0,2.4166666666666665,0.5,1.4166666666666667,1.6666666666666667,1.311372170551507,0.7977240352174656,1.2401124093721454,1.0730867399773196,4.0,2.0,3.0,1.0,2.0,0.0,2.0,0.0,0.0,1.0,0.0,2.0,1.0,3.0,2.0,2.0,1.0,2.0,4.0,1.0,2.0,0.0
70,Salernitana-Lazio,0.0,1.0,0.0,0.0,1.0,20.0,2.0,2.0,2.0,0.0,1.0,10.0,0.7692307692307693,1.9230769230769231,1.0769230769230769,1.1538461538461535,0.9268086959962984,0.9540735874430284,0.9540735874430284,0.9870962335856492,0.0,2.0,0.0,0.0,2.0,3.0,2.0,1.0,2.0,2.0,3.0,2.0,1.0,0.0,0.0,2.0,0.0,0.0,1.0,0.0,2.0,1.0
71,Atalanta-Napoli,0.0,2.0,2.0,0.0,1.0,5.0,0.0,2.0,1.0,2.0,0.0,4.0,1.6153846153846154,1.0,2.0,1.0769230769230769,0.8697184926229041,1.224744871391589,1.2909944487358056,0.9540735874430284,2.0,2.0,3.0,1.0,1.0,3.0,0.0,0.0,2.0,1.0,1.0,3.0,2.0,2.0,0.0,3.0,1.0,2.0,0.0,1.0,1.0,2.0
72,Milan-Fiorentina,2.0,0.0,1.0,0.0,1.0,3.0,2.0,0.0,0.0,0.0,2.0,6.0,1.6153846153846154,1.0769230769230769,1.5384615384615383,1.3076923076923077,1.12089707663561,1.3821202589704018,1.4500221041639685,1.0315534712764842,1.0,0.0,2.0,0.0,2.0,0.0,1.0,2.0,1.0,2.0,3.0,0.0,0.0,0.0,2.0,1.0,2.0,1.0,1.0,1.0,1.0,0.0
73,Cagliari-Monza,0.0,1.0,2.0,2.0,0.0,18.0,2.0,0.0,1.0,2.0,1.0,9.0,1.0,1.9230769230769231,1.0769230769230769,0.9230769230769232,1.1547005383792517,1.1875421719907089,1.0377490433255416,0.8623164985025763,1.0,2.0,4.0,2.0,1.0,4.0,2.0,3.0,1.0,2.0,3.0,0.0,1.0,3.0,1.0,0.0,1.0,1.0,1.0,1.0,1.0,1.0
74,Empoli-Sassuolo,1.0,2.0,0.0,0.0,2.0,17.0,1.0,0.0,1.0,0.0,1.0,15.0,0.6153846153846154,1.9230769230769231,1.5384615384615383,1.8461538461538465,0.9607689228305228,2.019139192062568,1.4500221041639685,0.898717034272917,0.0,2.0,0.0,1.0,1.0,0.0,0.0,3.0,2.0,0.0,1.0,0.0,1.0,1.0,2.0,1.0,2.0,1.0,2.0,2.0,3.0,4.0
75,Frosinone-Genoa,2.0,0.0,0.0,2.0,0.0,12.0,0.0,0.0,2.0,0.0,2.0,13.0,1.4615384615384617,1.6153846153846154,1.0769230769230769,1.3846153846153846,1.1982893790305562,1.0439078454267836,1.1151635501529558,1.12089707663561,2.0,1.0,3.0,2.0,0.0,1.0,2.0,4.0,1.0,2.0,0.0,0.0,1.0,1.0,1.0,1.0,2.0,0.0,2.0,0.0,2.0,1.0
76,Roma-Udinese,2.0,2.0,0.0,2.0,1.0,7.0,1.0,1.0,1.0,2.0,1.0,16.0,1.9230769230769231,1.1538461538461535,0.6923076923076923,1.3846153846153846,1.8912755158683456,1.143543749793731,0.630425171956115,1.325296290046213,4.0,1.0,0.0,2.0,0.0,1.0,0.0,1.0,1.0,0.0,0.0,1.0,1.0,1.0,1.0,0.0,1.0,1.0,0.0,1.0,3.0,1.0
77,Juventus-Inter,2.0,2.0,2.0,2.0,2.0,2.0,1.0,2.0,2.0,2.0,2.0,1.0,1.5384615384615383,0.6153846153846154,2.3076923076923075,0.5384615384615384,0.8770580193070292,1.12089707663561,1.3155870289605438,0.7762500258061849,2.0,1.0,1.0,1.0,2.0,0.0,0.0,0.0,0.0,1.0,2.0,3.0,1.0,2.0,2.0,2.0,0.0,0.0,1.0,0.0,1.0,1.0
78,Verona-Lecce,0.0,0.0,0.0,0.0,0.0,19.0,1.0,1.0,0.0,0.0,1.0,14.0,0.6923076923076923,1.3846153846153846,1.1538461538461535,1.3846153846153846,0.7510676161988108,1.12089707663561,0.8006407690254357,1.0439078454267836,1.0,1.0,0.0,1.0,0.0,2.0,3.0,1.0,3.0,1.0,1.0,1.0,0.0,1.0,2.0,1.0,1.0,1.0,2.0,2.0,2.0,2.0
79,Bologna-Torino,1.0,2.0,1.0,2.0,0.0,8.0,0.0,0.0,2.0,2.0,1.0,11.0,1.1538461538461535,0.7692307692307693,0.7692307692307693,1.2307692307692308,0.987096233585649,0.8320502943378437,0.9268086959962984,1.3008872711759818,2.0,2.0,1.0,1.0,1.0,2.0,1.0,1.0,0.0,2.0,0.0,0.0,1.0,2.0,1.0,2.0,3.0,0.0,1.0,1.0,2.0,0.0
80,Monza-Juventus,0.0,1.0,2.0,1.0,1.0,9.0,2.0,2.0,2.0,2.0,1.0,2.0,1.0714285714285714,1.0,1.5714285714285714,0.6428571428571429,0.9972489631508747,0.8770580193070292,0.8516306272526403,1.0818177620697815,0.0,1.0,3.0,1.0,1.0,1.0,1.0,1.0,1.0,1.0,1.0,1.0,1.0,2.0,1.0,0.0,0.0,0.0,1.0,1.0,1.0,2.0
81,Genoa-Empoli,0.0,2.0,0.0,2.0,0.0,15.0,2.0,0.0,0.0,2.0,0.0,18.0,1.0714285714285714,1.3571428571428572,0.6428571428571429,1.8571428571428568,1.0716117059605352,1.0818177620697813,0.9287827316640652,1.955550005542129,0.0,1.0,1.0,1.0,1.0,2.0,0.0,2.0,0.0,2.0,2.0,0.0,1.0,1.0,3.0,0.0,3.0,2.0,0.0,4.0,1.0,1.0
82,Lazio-Cagliari,2.0,2.0,0.0,1.0,0.0,11.0,1.0,2.0,2.0,0.0,1.0,17.0,1.0714285714285714,1.0714285714285714,0.9285714285714286,1.8571428571428568,0.91687476825319,0.9972489631508746,1.1411388181101376,1.167320591199077,2.0,1.0,0.0,0.0,1.0,0.0,0.0,1.0,0.0,2.0,2.0,4.0,2.0,1.0,1.0,2.0,3.0,1.0,2.0,1.0,1.0,0.0
83,Milan-Frosinone,0.0,1.0,0.0,1.0,2.0,3.0,0.0,0.0,2.0,0.0,2.0,10.0,1.7142857142857142,1.0714285714285714,1.4285714285714286,1.7142857142857142,1.1387288073563857,1.3280573269766118,1.1578684470436789,1.0690449676496976,0.0,2.0,0.0,2.0,1.0,1.0,2.0,1.0,2.0,0.0,1.0,3.0,2.0,0.0,2.0,2.0,4.0,1.0,2.0,1.0,3.0,1.0
84,Lecce-Bologna,1.0,0.0,0.0,1.0,1.0,13.0,2.0,1.0,2.0,0.0,2.0,6.0,1.1428571428571428,1.3571428571428572,1.1428571428571428,0.7857142857142857,0.7703288865196432,1.0082080720186268,0.9492622930986468,0.8017837257372732,1.0,0.0,1.0,2.0,2.0,1.0,1.0,2.0,2.0,2.0,2.0,1.0,1.0,1.0,2.0,1.0,1.0,0.0,2.0,0.0,1.0,1.0
85,Fiorentina-Salernitana,0.0,0.0,0.0,2.0,0.0,8.0,1.0,0.0,0.0,1.0,2.0,20.0,1.6428571428571428,1.2142857142857142,0.7142857142857143,2.0,1.4468609447374663,1.05090228108783,0.9138735334633754,0.9607689228305228,0.0,0.0,0.0,2.0,0.0,2.0,1.0,1.0,1.0,1.0,2.0,0.0,0.0,2.0,2.0,2.0,1.0,2.0,2.0,1.0,3.0,0.0
86,Udinese-Verona,1.0,1.0,2.0,1.0,0.0,16.0,0.0,0.0,0.0,0.0,1.0,19.0,0.8571428571428571,1.5,0.8571428571428571,1.5,0.8644378215075663,1.3445044840729643,0.9492622930986466,1.1602387022306428,1.0,1.0,1.0,1.0,1.0,1.0,1.0,0.0,1.0,3.0,1.0,0.0,1.0,0.0,2.0,3.0,1.0,3.0,1.0,2.0,3.0,3.0
87,Sassuolo-Roma,0.0,1.0,0.0,1.0,2.0,14.0,2.0,0.0,2.0,1.0,2.0,5.0,1.5,1.8571428571428568,1.9285714285714288,1.1428571428571428,1.4005493427717788,0.8644378215075665,1.817195036917557,1.0994504121565505,0.0,1.0,1.0,2.0,4.0,2.0,1.0,2.0,2.0,3.0,1.0,0.0,2.0,0.0,3.0,0.0,1.0,1.0,0.0,1.0,1.0,2.0
88,Napoli-Inter,2.0,1.0,2.0,0.0,2.0,4.0,2.0,2.0,2.0,2.0,1.0,1.0,1.8571428571428568,1.2142857142857142,2.357142857142857,0.5,1.3506205330054124,1.05090228108783,1.27744594087896,0.7595545253127499,3.0,2.0,2.0,0.0,2.0,1.0,2.0,0.0,1.0,1.0,3.0,1.0,2.0,2.0,1.0,0.0,0.0,1.0,0.0,1.0,0.0,3.0
89,Torino-Atalanta,0.0,2.0,2.0,1.0,0.0,12.0,2.0,2.0,0.0,1.0,0.0,7.0,0.9285714285714286,1.1428571428571428,1.5,1.1428571428571428,1.071611705960535,1.292412345317728,0.9405399431259602,1.292412345317728,0.0,1.0,2.0,1.0,0.0,3.0,0.0,1.0,1.0,2.0,2.0,3.0,1.0,1.0,1.0,0.0,0.0,2.0,1.0,2.0,3.0,0.0
90,Juventus-Napoli,2.0,2.0,2.0,1.0,2.0,2.0,1.0,2.0,0.0,2.0,0.0,5.0,1.5333333333333334,0.6,1.7333333333333334,1.2,0.833809387832792,1.055597325823495,1.3870146083619754,1.0141851056742195,1.0,1.0,2.0,1.0,2.0,0.0,0.0,1.0,1.0,1.0,2.0,2.0,0.0,2.0,0.0,2.0,0.0,1.0,1.0,3.0,1.0,0.0
91,Verona-Lazio,0.0,0.0,0.0,1.0,1.0,18.0,2.0,0.0,1.0,0.0,2.0,9.0,0.8666666666666667,1.4666666666666666,1.0666666666666669,1.0666666666666669,0.9154754164341268,1.1254628677422756,0.883715101688537,0.9611501047232548,0.0,1.0,0.0,2.0,3.0,1.0,3.0,1.0,2.0,3.0,1.0,0.0,0.0,1.0,1.0,0.0,1.0,0.0,2.0,0.0,1.0,1.0
92,Atalanta-Milan,2.0,0.0,1.0,0.0,0.0,8.0,1.0,0.0,1.0,2.0,2.0,3.0,1.6,1.2,1.7333333333333334,1.2,0.9856107606091622,1.2649110640673518,1.0997835284835875,1.3732131246511905,3.0,1.0,1.0,1.0,0.0,0.0,2.0,1.0,2.0,3.0,2.0,0.0,2.0,1.0,3.0,2.0,1.0,2.0,0.0,1.0,3.0,2.0
93,Inter-Udinese,2.0,2.0,2.0,1.0,2.0,1.0,1.0,2.0,1.0,0.0,1.0,16.0,2.466666666666667,0.4666666666666667,0.8,1.6666666666666667,1.3020130933435712,0.7432233529572065,0.8618916073713347,1.4474937289114918,1.0,2.0,2.0,1.0,3.0,0.0,1.0,0.0,1.0,0.0,1.0,1.0,1.0,1.0,3.0,1.0,0.0,1.0,3.0,3.0,4.0,0.0
94,Frosinone-Torino,0.0,2.0,0.0,2.0,0.0,12.0,2.0,2.0,1.0,0.0,2.0,10.0,1.3333333333333333,1.6,0.8666666666666667,1.0666666666666669,1.1751393027860064,1.1212238211627763,1.0600988273786194,1.2798809468443688,3.0,2.0,0.0,2.0,1.0,4.0,1.0,2.0,1.0,3.0,1.0,2.0,1.0,0.0,3.0,0.0,1.0,1.0,2.0,0.0,0.0,0.0
95,Monza-Genoa,1.0,2.0,1.0,1.0,0.0,11.0,2.0,0.0,2.0,0.0,1.0,14.0,1.0666666666666669,0.9333333333333332,1.0,1.3333333333333333,0.9611501047232548,0.8837151016885368,1.0690449676496976,1.0465362369445672,1.0,3.0,1.0,1.0,1.0,1.0,1.0,1.0,1.0,2.0,1.0,1.0,1.0,1.0,1.0,0.0,2.0,0.0,2.0,1.0,1.0,0.0
96,Salernitana-Bologna,0.0,0.0,1.0,2.0,0.0,20.0,1.0,2.0,0.0,2.0,1.0,7.0,0.7333333333333333,2.0,1.2,0.8,0.8837151016885368,0.9258200997725514,0.94112394811432,0.7745966692414833,0.0,0.0,2.0,2.0,0.0,1.0,2.0,2.0,1.0,3.0,1.0,1.0,1.0,2.0,1.0,1.0,0.0,2.0,0.0,1.0,1.0,2.0
97,Roma-Fiorentina,0.0,2.0,1.0,2.0,2.0,4.0,0.0,0.0,2.0,0.0,2.0,6.0,1.8666666666666667,1.1333333333333333,1.6,1.2,1.7674302033770737,1.0600988273786192,1.4040757000349275,1.0141851056742195,0.0,2.0,0.0,3.0,2.0,1.0,1.0,0.0,1.0,1.0,0.0,0.0,2.0,0.0,3.0,1.0,1.0,1.0,1.0,0.0,1.0,1.0
98,Empoli-Lecce,0.0,0.0,2.0,0.0,1.0,17.0,0.0,0.0,1.0,1.0,1.0,13.0,0.6666666666666666,1.8,1.1333333333333333,1.3333333333333333,0.8997354108424372,1.897366596101028,0.7432233529572065,0.9759000729485332,0.0,1.0,1.0,3.0,1.0,3.0,2.0,0.0,4.0,1.0,0.0,1.0,2.0,2.0,1.0,1.0,2.0,2.0,2.0,1.0,1.0,1.0
99,Cagliari-Sassuolo,2.0,2.0,0.0,1.0,0.0,19.0,1.0,0.0,1.0,2.0,0.0,15.0,1.0,1.8,1.4666666666666666,1.8666666666666667,1.1338934190276817,1.1464230084422218,1.3557637102737474,0.8338093878327919,4.0,2.0,1.0,1.0,0.0,3.0,1.0,2.0,1.0,1.0,1.0,1.0,2.0,4.0,1.0,1.0,2.0,2.0,3.0,2.0,2.0,1.0
100,Genoa-Juventus,0.0,2.0,0.0,1.0,0.0,14.0,2.0,2.0,1.0,2.0,2.0,2.0,1.0,1.3125,1.5,0.625,1.0327955589886444,1.01447851956888,0.816496580927726,1.02469507659596,1.0,1.0,1.0,1.0,0.0,2.0,0.0,2.0,1.0,1.0,1.0,2.0,1.0,2.0,1.0,0.0,1.0,1.0,1.0,0.0,1.0,1.0
101,Lecce-Frosinone,0.0,1.0,1.0,1.0,1.0,13.0,2.0,0.0,2.0,0.0,1.0,12.0,1.1875,1.3125,1.3125,1.625,0.75,0.9464847243000456,1.138346754435279,1.0878112581387147,1.0,2.0,2.0,1.0,1.0,2.0,2.0,2.0,1.0,1.0,2.0,0.0,2.0,1.0,0.0,1.0,2.0,1.0,3.0,0.0,2.0,1.0
102,Napoli-Cagliari,2.0,0.0,2.0,0.0,0.0,6.0,2.0,0.0,1.0,0.0,2.0,16.0,1.75,1.1875,1.0,1.8125,1.3416407864998738,0.9810708435174292,1.095445115010332,1.1086778913041726,2.0,0.0,2.0,0.0,0.0,0.0,1.0,1.0,3.0,1.0,2.0,1.0,1.0,0.0,2.0,1.0,2.0,1.0,1.0,1.0,2.0,1.0
103,Torino-Empoli,2.0,1.0,0.0,2.0,1.0,11.0,0.0,2.0,0.0,1.0,1.0,18.0,0.875,1.0,0.625,1.75,1.02469507659596,1.2649110640673518,0.8850612031567836,1.8439088914585773,2.0,1.0,0.0,3.0,0.0,1.0,1.0,2.0,0.0,0.0,1.0,1.0,3.0,1.0,1.0,2.0,0.0,4.0,1.0,1.0,1.0,0.0
104,Milan-Monza,0.0,1.0,2.0,2.0,0.0,3.0,2.0,1.0,1.0,0.0,2.0,9.0,1.8125,1.125,1.0,1.0625,1.1086778913041726,1.3601470508735445,0.966091783079296,0.9979144919948468,0.0,2.0,1.0,3.0,2.0,1.0,2.0,0.0,1.0,3.0,3.0,1.0,1.0,1.0,1.0,1.0,1.0,1.0,2.0,0.0,3.0,0.0
105,Fiorentina-Verona,0.0,2.0,0.0,2.0,1.0,7.0,0.0,0.0,1.0,1.0,1.0,19.0,1.5625,1.125,0.8125,1.4375,1.3647344063956182,1.02469507659596,0.9105858919765156,1.0935416468216166,0.0,2.0,0.0,3.0,1.0,1.0,1.0,1.0,0.0,1.0,1.0,0.0,2.0,3.0,1.0,3.0,1.0,2.0,3.0,1.0,1.0,0.0
106,Udinese-Sassuolo,2.0,1.0,0.0,1.0,0.0,17.0,0.0,1.0,2.0,0.0,0.0,15.0,0.875,1.6875,1.5,1.875,0.8850612031567836,1.40089257261219,1.3165611772087666,0.806225774829855,1.0,1.0,1.0,3.0,0.0,0.0,1.0,3.0,3.0,4.0,1.0,2.0,4.0,1.0,1.0,2.0,2.0,3.0,2.0,2.0,2.0,2.0
107,Bologna-Roma,2.0,0.0,2.0,1.0,2.0,5.0,2.0,1.0,2.0,2.0,1.0,4.0,1.25,0.75,1.75,1.1875,0.9309493362512627,0.7745966692414834,1.7701224063135672,1.0468205831628137,1.0,1.0,2.0,1.0,2.0,0.0,2.0,0.0,1.0,1.0,2.0,0.0,3.0,2.0,1.0,1.0,0.0,1.0,1.0,1.0,2.0,0.0
108,Lazio-Inter,0.0,1.0,0.0,2.0,1.0,10.0,2.0,2.0,1.0,2.0,2.0,1.0,1.0,1.125,2.4375,0.4375,0.8944271909999159,0.957427107756338,1.2632629707758134,0.7274384280931732,0.0,0.0,1.0,1.0,1.0,1.0,0.0,2.0,0.0,1.0,2.0,2.0,1.0,3.0,4.0,1.0,0.0,1.0,0.0,0.0,0.0,2.0
109,Atalanta-Salernitana,0.0,1.0,0.0,0.0,2.0,8.0,0.0,1.0,2.0,0.0,0.0,20.0,1.75,1.1875,0.75,2.125,1.1254628677422756,1.2230426539304888,0.8563488385776752,1.02469507659596,1.0,1.0,1.0,0.0,3.0,2.0,1.0,2.0,3.0,2.0,0.0,2.0,2.0,0.0,1.0,2.0,2.0,1.0,3.0,2.0,4.0,1.0
110,Fiorentina-Torino,0.0,2.0,1.0,2.0,2.0,5.0,0.0,2.0,1.0,2.0,1.0,10.0,1.5294117647058822,1.0588235294117647,0.8823529411764706,1.0,1.3284223283101428,1.0289915108550531,0.9926198253344826,1.224744871391589,0.0,3.0,1.0,1.0,1.0,1.0,0.0,1.0,0.0,0.0,0.0,3.0,0.0,1.0,1.0,2.0,0.0,0.0,0.0,1.0,0.0,0.0
111,Napoli-Monza,2.0,0.0,0.0,2.0,0.0,7.0,1.0,0.0,2.0,0.0,0.0,11.0,1.6470588235294117,1.2352941176470589,0.9411764705882352,1.0588235294117647,1.3666188418222285,0.970142500145332,0.9663454503498036,0.9663454503498036,2.0,0.0,0.0,2.0,0.0,1.0,3.0,1.0,1.0,2.0,1.0,1.0,1.0,0.0,0.0,1.0,2.0,0.0,3.0,1.0,0.0,0.0
112,Genoa-Inter,0.0,1.0,0.0,1.0,2.0,13.0,1.0,2.0,2.0,2.0,2.0,1.0,1.0588235294117647,1.2941176470588236,2.411764705882353,0.4117647058823529,1.0289915108550531,0.985184366143778,1.2277430273377532,0.7122871199007255,1.0,1.0,0.0,1.0,2.0,2.0,1.0,1.0,1.0,1.0,1.0,3.0,4.0,2.0,2.0,1.0,0.0,0.0,0.0,0.0,0.0,0.0
113,Lazio-Frosinone,0.0,2.0,1.0,0.0,2.0,9.0,2.0,0.0,1.0,0.0,0.0,14.0,1.0588235294117647,1.0588235294117647,1.2941176470588236,1.6470588235294117,0.8993461677306269,0.9663454503498036,1.1048023512348792,1.0571882797418488,1.0,1.0,1.0,0.0,2.0,2.0,0.0,1.0,2.0,0.0,2.0,1.0,0.0,1.0,1.0,1.0,3.0,0.0,2.0,2.0,0.0,0.0
114,Atalanta-Lecce,0.0,0.0,2.0,2.0,0.0,8.0,1.0,1.0,1.0,2.0,0.0,12.0,1.6470588235294117,1.1764705882352942,1.1176470588235294,1.3529411764705883,1.1694644324747672,1.1850788010532811,0.7812132344290251,0.931475742477242,1.0,0.0,3.0,4.0,0.0,2.0,3.0,2.0,1.0,1.0,2.0,1.0,1.0,2.0,0.0,2.0,1.0,1.0,1.0,2.0,0.0,0.0
115,Cagliari-Empoli,1.0,0.0,2.0,0.0,0.0,18.0,0.0,1.0,1.0,0.0,0.0,19.0,0.9411764705882352,1.8235294117647056,0.5882352941176471,1.7647058823529411,1.0880365478290537,1.0744355563298724,0.8702602720890289,1.786386428124731,1.0,0.0,2.0,1.0,0.0,1.0,1.0,1.0,2.0,2.0,3.0,1.0,1.0,0.0,0.0,4.0,1.0,1.0,1.0,2.0,0.0,0.0
116,Udinese-Bologna,0.0,1.0,0.0,1.0,1.0,17.0,2.0,1.0,2.0,2.0,2.0,4.0,0.8823529411764706,1.6470588235294117,1.2352941176470589,0.7058823529411765,0.8574929257125443,1.3666188418222287,0.9034248560828044,0.7717436331412898,1.0,3.0,0.0,2.0,1.0,3.0,3.0,4.0,2.0,1.0,2.0,1.0,2.0,2.0,1.0,0.0,1.0,1.0,0.0,0.0,0.0,0.0
117,Verona-Salernitana,1.0,1.0,1.0,0.0,2.0,16.0,2.0,0.0,0.0,0.0,1.0,20.0,0.8823529411764706,1.3529411764705883,0.8235294117647058,2.117647058823529,0.9275204136012636,1.1147408034263075,0.8828430011649196,0.9926198253344826,2.0,3.0,1.0,0.0,2.0,2.0,3.0,1.0,1.0,0.0,2.0,0.0,1.0,1.0,2.0,1.0,3.0,2.0,4.0,2.0,0.0,0.0
118,Milan-Sassuolo,2.0,2.0,0.0,2.0,1.0,3.0,2.0,0.0,0.0,1.0,0.0,15.0,1.8235294117647056,1.1764705882352942,1.4705882352941178,1.8823529411764703,1.0744355563298726,1.3339459376998313,1.280510008689093,0.7812132344290249,1.0,3.0,2.0,3.0,2.0,0.0,1.0,3.0,0.0,2.0,4.0,1.0,1.0,2.0,1.0,3.0,2.0,2.0,2.0,2.0,0.0,0.0
119,Juventus-Roma,1.0,2.0,2.0,1.0,2.0,2.0,2.0,2.0,1.0,0.0,2.0,6.0,1.5294117647058822,0.6470588235294118,1.7647058823529411,1.1176470588235294,0.7998161553463027,0.9963167462326072,1.7149858514250882,1.053704948098403,1.0,2.0,1.0,1.0,2.0,1.0,1.0,0.0,1.0,1.0,3.0,2.0,1.0,0.0,2.0,1.0,1.0,1.0,2.0,0.0,0.0,0.0
120,Bologna-Genoa,1.0,2.0,2.0,2.0,0.0,5.0,1.0,0.0,1.0,2.0,1.0,12.0,1.1666666666666667,0.8333333333333334,1.0555555555555556,1.2777777777777777,0.923548145182799,0.9235481451827988,0.9983646759294876,0.9582800496695998,1.0,2.0,2.0,1.0,0.0,1.0,1.0,0.0,0.0,3.0,1.0,0.0,1.0,2.0,1.0,1.0,1.0,1.0,1.0,1.0,0.0,0.0
121,Inter-Verona,2.0,2.0,2.0,2.0,1.0,1.0,1.0,1.0,0.0,2.0,0.0,17.0,2.333333333333333,0.4444444444444444,0.8333333333333334,1.3333333333333333,1.2366938848016846,0.7047921864945659,0.9235481451827988,1.0846522890932808,3.0,4.0,2.0,2.0,1.0,0.0,0.0,0.0,0.0,1.0,3.0,1.0,0.0,2.0,0.0,3.0,1.0,1.0,0.0,1.0,0.0,0.0
122,Frosinone-Monza,0.0,1.0,0.0,0.0,0.0,14.0,0.0,2.0,0.0,0.0,1.0,11.0,1.2777777777777777,1.7222222222222223,0.8888888888888888,1.0,1.0740552924509192,1.0740552924509197,0.9633818428657448,0.970142500145332,1.0,0.0,1.0,1.0,1.0,3.0,0.0,2.0,2.0,3.0,1.0,1.0,0.0,0.0,0.0,2.0,0.0,3.0,1.0,0.0,0.0,0.0
123,Lecce-Cagliari,1.0,1.0,2.0,0.0,0.0,13.0,0.0,2.0,0.0,0.0,1.0,18.0,1.0555555555555556,1.3333333333333333,0.8888888888888888,1.7222222222222223,0.802365782965103,0.90748521297303,1.078609610939221,1.1274936053323583,1.0,1.0,2.0,0.0,0.0,1.0,1.0,1.0,2.0,1.0,0.0,2.0,1.0,0.0,0.0,1.0,1.0,2.0,2.0,0.0,0.0,0.0
124,Sassuolo-Fiorentina,0.0,0.0,1.0,0.0,0.0,16.0,2.0,1.0,2.0,2.0,2.0,4.0,1.3888888888888888,1.8333333333333333,1.5,1.0,1.2897281468629185,0.7859052479933759,1.2947859237091257,1.0289915108550531,1.0,1.0,2.0,1.0,0.0,2.0,2.0,2.0,2.0,1.0,3.0,1.0,1.0,1.0,1.0,0.0,1.0,0.0,0.0,0.0,0.0,0.0
125,Empoli-Milan,1.0,1.0,0.0,0.0,1.0,19.0,2.0,0.0,2.0,1.0,2.0,3.0,0.5555555555555556,1.6666666666666667,1.7777777777777777,1.1111111111111112,0.8555852638929974,1.7822655773580136,1.0602749674192764,1.323493100445977,1.0,1.0,0.0,0.0,0.0,1.0,1.0,1.0,2.0,0.0,3.0,2.0,3.0,2.0,1.0,1.0,3.0,0.0,2.0,0.0,0.0,0.0
126,Torino-Napoli,2.0,1.0,2.0,1.0,0.0,10.0,0.0,0.0,2.0,0.0,1.0,8.0,0.8333333333333334,1.0,1.5555555555555556,1.1666666666666667,0.985184366143778,1.1881770515720091,1.381483525788905,0.985184366143778,3.0,0.0,1.0,1.0,0.0,0.0,0.0,0.0,1.0,1.0,0.0,0.0,2.0,0.0,0.0,3.0,1.0,1.0,2.0,0.0,0.0,0.0
127,Udinese-Lazio,1.0,0.0,1.0,1.0,2.0,15.0,2.0,1.0,0.0,2.0,2.0,9.0,1.0,1.5555555555555556,1.1666666666666667,1.0555555555555556,0.970142500145332,1.381483525788905,0.985184366143778,0.937595311059234,3.0,0.0,2.0,1.0,3.0,3.0,4.0,2.0,1.0,0.0,1.0,1.0,0.0,2.0,3.0,0.0,1.0,2.0,0.0,1.0,0.0,0.0
128,Salernitana-Juventus,0.0,0.0,0.0,1.0,2.0,20.0,2.0,2.0,1.0,2.0,2.0,2.0,0.8333333333333334,2.0,1.5,0.6111111111111112,0.8574929257125442,1.0846522890932808,0.7859052479933758,0.9785276387866012,0.0,1.0,1.0,2.0,1.0,3.0,2.0,4.0,2.0,0.0,2.0,1.0,1.0,2.0,1.0,1.0,0.0,1.0,1.0,0.0,0.0,0.0
129,Roma-Atalanta,2.0,1.0,0.0,2.0,0.0,7.0,0.0,2.0,2.0,0.0,2.0,6.0,1.6666666666666667,1.1111111111111112,1.6111111111111112,1.1111111111111112,1.7149858514250884,1.0226199851298272,1.1447521637192346,1.1826634392157036,2.0,1.0,0.0,2.0,0.0,1.0,1.0,2.0,0.0,1.0,0.0,3.0,4.0,0.0,1.0,3.0,2.0,1.0,1.0,0.0,0.0,0.0
