,Partita,Rt-5h,Rt-4h,Rt-3h,Rt-2h,Rt-1h,Classifica h,Rt-5a,Rt-4a,Rt-3a,Rt-2a,Rt-1a,Classifica a,media gol_fatti h,media gol_subiti h,media gol_fatti a,media gol_subiti a,varianza gol_fatti h,varianza gol_subiti h,varianza gol_fatti a,varianza gol_subiti a,Gf-5h,Gf-4h,Gf-3h,Gf-2h,Gf-1h,Gs-5h,Gs-4h,Gs-3h,Gs-2h,Gs-1h,Gf-5a,Gf-4a,Gf-3a,Gf-2a,Gf-1a,Gs-5a,Gs-4a,Gs-3a,Gs-2a,Gs-1a,yGf,yGs
0,Juventus-Lecce,2,1,2,2,0,4,2,1,2,1,2,3,2.0,1.0,1.3333333333333333,0.8333333333333334,0.8944271909999159,1.5491933384829668,0.816496580927726,0.752772652709081,3,1,2,3,2,0,1,0,1,4,2,2,2,1,1,1,2,0,1,0,1,0
1,Cagliari-Milan,1,0,0,1,0,19,2,2,2,0,2,2,0.3333333333333333,1.5,2.1666666666666665,1.3333333333333333,0.5163977794943223,1.224744871391589,1.1690451944500122,1.8618986725025253,0,0,1,0,0,0,2,2,0,2,2,4,2,1,1,0,1,1,5,0,1,3
2,Empoli-Salernitana,0,0,0,0,0,20,1,1,0,0,1,17,0.1666666666666666,2.1666666666666665,0.6666666666666666,1.6666666666666667,0.408248290463863,2.4832774042918904,0.816496580927726,0.816496580927726,0,0,0,0,0,1,2,2,7,1,2,1,0,0,1,2,1,2,3,1,1,0
3,Verona-Atalanta,2,2,0,1,0,10,2,0,2,0,2,6,0.6666666666666666,1.0,1.8333333333333333,0.8333333333333334,0.816496580927726,1.095445115010332,0.752772652709081,1.3291601358251257,1,2,1,0,0,0,1,3,0,1,2,1,3,2,2,0,2,0,3,0,0,1
4,Inter-Sassuolo,2,2,2,2,2,1,0,0,2,0,2,12,2.5,0.5,1.8333333333333333,2.0,1.6431676725154984,0.8366600265340756,1.6020819787597222,1.095445115010332,2,2,4,5,1,0,0,0,1,0,0,0,3,2,4,2,2,1,4,2,1,2
5,Lazio-Torino,0,0,2,0,1,15,1,0,2,2,1,9,1.1666666666666667,1.3333333333333333,1.0,1.1666666666666667,0.752772652709081,1.0327955589886446,1.095445115010332,1.602081978759722,1,0,2,1,1,2,1,1,3,1,0,1,1,3,1,0,4,0,0,1,2,0
6,Napoli-Udinese,2,2,0,1,1,7,0,1,1,1,0,18,2.0,1.0,0.3333333333333333,1.6666666666666667,1.4142135623730951,0.8944271909999159,0.5163977794943223,1.632993161855452,3,2,1,2,0,1,0,2,2,0,0,1,0,0,0,3,1,0,0,2,4,1
7,Frosinone-Fiorentina,0,2,1,2,1,8,2,1,0,2,2,5,1.5,1.3333333333333333,2.0,1.6666666666666667,1.378404875209022,1.0327955589886444,1.4142135623730951,1.3662601021279464,1,2,0,4,1,3,1,0,2,1,4,2,0,3,2,1,2,4,2,0,1,1
8,Monza-Bologna,0,2,0,1,1,14,0,1,2,1,1,11,0.6666666666666666,1.1666666666666667,0.5,0.6666666666666666,0.816496580927726,1.1690451944500122,0.8366600265340756,0.816496580927726,0,2,0,1,1,2,0,3,1,1,0,1,2,0,0,2,1,1,0,0,0,0
9,Genoa-Roma,0,2,0,1,0,16,1,0,0,2,1,13,1.3333333333333333,1.5,2.1666666666666665,1.8333333333333333,1.505545305418162,1.378404875209022,2.401388487243717,1.3291601358251257,1,1,0,2,0,4,0,1,2,1,2,1,1,7,1,2,2,2,0,1,4,1
10,Lecce-Napoli,1,2,1,2,0,6,2,0,1,1,2,5,1.1428571428571428,1.2857142857142858,2.2857142857142856,0.8571428571428571,0.8997354108424372,1.3801311186847085,1.4960264830861911,0.8997354108424372,2,2,1,1,0,2,0,1,0,1,2,1,2,0,4,0,2,2,0,1,0,4
11,Milan-Lazio,2,2,0,2,2,2,0,2,0,1,2,12,2.142857142857143,1.1428571428571428,1.0,1.4285714285714286,1.0690449676496974,1.772810520855837,0.816496580927726,0.9759000729485332,4,2,1,1,3,1,1,5,0,1,0,2,1,1,2,1,1,3,1,0,2,0
12,Salernitana-Inter,1,0,0,1,0,17,2,2,2,2,0,1,0.5714285714285714,2.0,2.7142857142857144,0.4285714285714285,0.7867957924694431,1.1547005383792517,1.6035674514745464,0.7867957924694431,1,0,0,1,0,1,2,3,1,1,2,4,5,1,1,0,0,1,0,2,0,4
13,Bologna-Empoli,1,2,1,1,1,13,0,0,0,0,2,19,0.8571428571428571,0.5714285714285714,0.1428571428571428,2.2857142857142856,1.2149857925879115,0.7867957924694431,0.3779644730092272,2.288688541085317,1,2,0,0,0,1,1,0,0,0,0,0,0,0,1,2,2,7,1,0,3,0
14,Udinese-Genoa,1,1,1,0,0,18,2,0,1,0,2,11,0.5714285714285714,1.7142857142857142,1.4285714285714286,1.5714285714285714,0.7867957924694432,1.4960264830861911,1.3972762620115435,1.272418020560704,1,0,0,0,1,1,0,0,2,4,1,0,2,0,4,0,1,2,1,1,2,2
15,Atalanta-Juventus,0,2,0,2,2,4,1,2,2,0,2,3,1.5714285714285714,0.7142857142857143,1.7142857142857142,0.8571428571428571,0.9759000729485332,1.2535663410560174,1.1126972805283737,1.4638501094227998,1,3,2,2,1,2,0,3,0,0,1,2,3,2,1,1,0,1,4,0,0,0
16,Roma-Frosinone,0,0,2,1,0,16,2,1,2,1,1,8,2.142857142857143,1.5714285714285714,1.2857142857142858,1.4285714285714286,2.1930626551751344,1.3972762620115438,1.3801311186847085,0.9759000729485332,1,1,7,1,1,2,2,0,1,4,2,0,4,1,1,1,0,2,1,1,2,0
17,Sassuolo-Monza,0,2,0,2,2,9,2,0,1,1,1,15,1.5714285714285714,1.8571428571428568,0.7142857142857143,1.0,1.618347187425374,1.0690449676496976,0.7559289460184544,1.1547005383792517,0,3,2,4,2,2,1,4,2,1,2,0,1,1,0,0,3,1,1,0,0,1
18,Torino-Verona,0,2,2,1,0,10,2,0,1,0,0,14,0.8571428571428571,1.0,0.5714285714285714,0.8571428571428571,1.0690449676496976,1.5275252316519468,0.7867957924694431,1.0690449676496974,1,1,3,1,0,4,0,0,1,2,2,1,0,0,0,1,3,0,1,1,0,0
19,Fiorentina-Cagliari,1,0,2,2,1,7,0,0,1,0,0,20,2.142857142857143,1.4285714285714286,0.2857142857142857,1.7142857142857142,1.3451854182690983,1.3972762620115438,0.4879500364742666,1.2535663410560174,2,0,3,2,1,2,4,2,0,1,0,1,0,0,1,2,2,0,2,3,3,0
20,Empoli-Udinese,0,0,0,2,0,19,1,1,0,0,1,17,0.125,2.0,0.5,1.5,0.3535533905932738,2.2677868380553634,0.7559289460184544,1.5118578920369088,0,0,0,1,0,2,7,1,0,3,0,0,0,1,2,0,0,2,4,2,0,0
21,Lecce-Sassuolo,2,1,2,0,0,7,2,0,2,2,0,11,1.125,1.25,1.5,1.75,0.8345229603962802,1.2817398889233114,1.5118578920369088,1.035098339013531,2,1,1,0,0,0,1,0,1,4,3,2,4,2,0,1,4,2,1,1,1,1
22,Inter-Bologna,2,2,2,0,2,1,2,1,1,1,2,8,2.625,0.625,1.0,0.75,1.5059406173077154,0.9161253813129044,1.1952286093343936,0.8864052604279183,4,5,1,1,4,0,1,0,2,0,2,0,0,0,3,1,0,0,0,0,2,2
23,Juventus-Torino,2,2,0,2,1,4,2,2,1,0,1,10,1.75,0.75,0.75,1.125,1.035098339013531,1.3887301496588271,1.035098339013531,1.4577379737113252,2,3,2,1,0,0,1,4,0,0,1,3,1,0,0,0,0,1,2,0,2,0
24,Genoa-Milan,0,1,0,2,1,14,2,0,2,2,2,2,1.25,1.5,2.0,1.0,1.3887301496588271,1.1952286093343936,1.0690449676496976,1.6903085094570331,0,2,0,4,2,1,2,1,1,2,2,1,1,3,2,1,5,0,1,0,0,1
25,Monza-Salernitana,0,1,1,1,2,12,0,0,1,0,0,18,1.0,0.875,0.5,2.125,1.0690449676496976,1.1259916264596033,0.7559289460184544,1.1259916264596033,0,1,1,0,1,3,1,1,0,0,0,0,1,0,0,2,3,1,1,4,3,0
26,Frosinone-Verona,1,2,1,1,0,9,0,1,0,0,1,15,1.375,1.375,0.625,1.0,1.3024701806293193,0.9161253813129044,0.7440238091428449,1.0690449676496976,0,4,1,1,0,0,2,1,1,2,1,0,0,0,0,3,0,1,1,0,2,1
27,Lazio-Atalanta,2,0,1,2,0,16,2,0,2,2,1,6,1.25,1.5,1.625,1.0,1.035098339013531,0.9258200997725514,0.9161253813129044,1.4142135623730951,2,1,1,2,0,1,3,1,0,2,3,2,2,1,0,0,3,0,0,0,3,2
28,Cagliari-Roma,0,1,0,0,0,20,0,2,1,0,2,13,0.375,2.0,2.375,1.5,0.5175491695067657,1.4142135623730951,2.1339098923270936,1.3093073414159542,1,0,0,1,0,2,0,2,3,3,1,7,1,1,2,2,0,1,4,0,1,4
29,Napoli-Fiorentina,0,1,1,2,2,3,0,2,2,1,2,5,2.125,1.125,2.25,1.375,1.4577379737113252,1.1259916264596033,1.2817398889233114,1.3024701806293193,1,2,0,4,4,2,2,0,1,0,0,3,2,1,3,4,2,0,1,0,1,3
30,Verona-Napoli,1,0,0,1,0,16,1,1,2,2,0,5,0.6666666666666666,1.2222222222222223,2.2222222222222223,1.1111111111111112,0.7071067811865476,1.2018504251546631,1.3944333775567928,1.0540925533894598,0,0,0,0,1,0,1,1,0,2,2,0,4,4,1,2,0,1,0,3,1,3
31,Torino-Inter,2,1,0,1,0,14,2,2,0,2,1,2,0.6666666666666666,1.3333333333333333,2.6666666666666665,0.5555555555555556,1.0,1.5,1.4142135623730951,0.881917103688197,3,1,0,0,0,0,1,2,0,2,5,1,1,4,2,1,0,2,0,2,0,3
32,Sassuolo-Lazio,0,2,2,0,1,12,0,1,2,0,2,13,1.3333333333333333,1.7777777777777777,1.3333333333333333,1.3333333333333333,1.5000000000000002,0.9718253158075502,1.0,1.0,2,4,2,0,1,4,2,1,1,1,1,1,2,0,3,3,1,0,2,2,0,2
33,Roma-Monza,2,1,0,2,2,10,1,1,1,2,2,7,2.2222222222222223,1.3333333333333333,0.8888888888888888,0.8888888888888888,2.048034287907418,1.3228756555322954,1.0540925533894598,1.0540925533894598,7,1,1,2,4,0,1,4,0,1,1,1,0,1,3,1,1,0,0,0,1,0
34,Bologna-Frosinone,1,1,1,2,1,11,2,1,1,0,2,8,1.1111111111111112,0.7777777777777778,1.3333333333333333,1.4444444444444444,1.1666666666666667,0.8333333333333334,1.2247448713915892,0.881917103688197,0,0,0,3,2,0,0,0,0,2,4,1,1,0,2,2,1,1,2,1,2,1
35,Salernitana-Cagliari,0,1,0,0,0,19,1,0,0,0,0,20,0.6666666666666666,2.111111111111111,0.5555555555555556,2.0,0.8660254037844388,1.0540925533894598,0.7264831572567789,1.3228756555322954,0,1,0,0,0,3,1,1,4,3,0,0,1,0,1,0,2,3,3,4,2,2
36,Atalanta-Genoa,0,2,2,1,0,6,1,0,2,1,0,15,1.6666666666666667,0.8888888888888888,1.1111111111111112,1.5555555555555556,0.8660254037844386,1.3642254619787415,1.3642254619787415,1.1303883305208784,2,2,1,0,2,3,0,0,0,3,2,0,4,2,0,2,1,1,2,1,2,0
37,Milan-Juventus,0,2,2,2,2,1,2,0,2,1,2,3,1.7777777777777777,1.0,1.6666666666666667,0.6666666666666666,1.2018504251546631,1.5811388300841898,1.0,1.3228756555322954,1,1,3,2,1,5,0,1,0,0,3,2,1,0,2,1,4,0,0,0,0,1
38,Udinese-Lecce,1,0,0,1,1,17,1,2,0,0,1,9,0.5555555555555556,1.4444444444444444,1.1111111111111112,1.2222222222222223,0.7264831572567789,1.4240006242195886,0.7817359599705717,1.2018504251546631,0,0,1,2,0,0,2,4,2,0,1,1,0,0,1,1,0,1,4,1,1,1
39,Fiorentina-Empoli,2,2,1,2,2,4,0,0,2,0,1,18,2.0,1.4444444444444444,0.3333333333333333,1.7777777777777777,1.4142135623730951,1.2360330811826103,0.7071067811865476,2.223610677354389,3,2,1,3,3,2,0,1,0,1,0,0,1,0,0,7,1,0,3,0,0,2
40,Genoa-Salernitana,0,2,1,0,0,15,1,0,0,0,1,19,1.1,1.4,0.6,2.0,1.286683937707919,1.1737877907772671,0.8432740427115678,1.0540925533894598,0,4,2,0,0,1,1,2,1,2,1,0,0,0,2,1,1,4,3,2,1,0
41,Sassuolo-Bologna,2,2,0,1,0,13,1,1,2,1,2,8,1.3,1.7,1.1,0.8,1.4181364924121764,0.9486832980505138,1.100504934614612,0.7888106377466155,4,2,0,1,0,2,1,1,1,2,0,0,3,2,2,0,0,0,2,1,1,1
42,Lecce-Torino,2,0,0,1,1,10,1,0,1,0,0,14,1.0,1.2,0.7,1.2,0.816496580927726,1.1352924243950933,0.9486832980505138,1.4757295747452437,1,0,0,1,1,0,1,4,1,1,1,0,0,0,0,1,2,0,2,3,0,1
43,Juventus-Verona,0,2,1,2,2,3,0,0,1,0,0,16,1.6,0.6,0.6,1.2,0.966091783079296,1.2649110640673515,0.699205898780101,1.1352924243950933,2,1,0,2,1,4,0,0,0,0,0,0,0,1,1,1,1,0,2,3,1,0
44,Cagliari-Frosinone,0,0,0,0,1,20,1,1,0,2,0,12,0.9,2.1,1.5,1.7,1.286683937707919,1.286683937707919,1.2692955176439846,1.1595018087284057,0,1,0,1,2,2,3,3,4,2,1,1,0,2,1,1,1,2,1,2,4,3
45,Monza-Udinese,1,1,2,2,0,11,0,0,1,1,1,18,0.9,0.9,0.6,1.4,0.9944289260117531,0.9944289260117531,0.6992058987801011,1.349897115421106,1,0,1,3,0,1,0,0,0,1,0,1,2,0,1,2,4,2,0,1,1,1
46,Inter-Roma,2,0,2,1,2,1,1,0,2,2,2,7,2.5,0.5,2.0,1.3,1.4337208778404378,0.8498365855987975,2.0548046676563256,1.2516655570345725,1,1,4,2,3,0,2,0,2,0,1,1,2,4,1,1,4,0,1,0,1,0
47,Napoli-Milan,1,2,2,0,2,4,2,2,2,2,0,2,2.2,1.2,1.8,1.1,1.3165611772087666,1.0327955589886444,1.1352924243950933,1.5238839267549948,0,4,4,1,3,0,1,0,3,1,1,3,2,1,0,0,1,0,0,1,2,2
48,Empoli-Atalanta,0,2,0,1,2,17,2,2,1,0,2,6,0.3,1.9,1.8,0.8,0.6749485577105528,2.131770260709264,0.9189365834726816,1.3165611772087669,0,1,0,0,2,1,0,3,0,0,2,1,0,2,2,0,0,0,3,0,0,3
49,Lazio-Fiorentina,1,2,0,2,2,9,2,1,2,2,0,5,1.3,1.2,1.8,1.4,0.9486832980505138,1.0327955589886444,1.4757295747452437,1.1737877907772674,1,2,0,3,2,1,0,2,2,0,2,1,3,3,0,0,1,0,1,2,1,0
50,Bologna-Lazio,1,2,1,2,1,8,2,0,2,2,2,7,1.0909090909090908,0.7272727272727273,1.181818181818182,1.181818181818182,1.044465935734187,0.7862453931068966,0.9816498172140428,0.9816498172140428,0,3,2,2,1,0,0,2,1,1,2,0,3,2,1,0,2,2,0,0,1,0
51,Salernitana-Napoli,0,0,0,1,0,20,2,2,0,2,1,5,0.5454545454545454,2.0,2.1818181818181817,1.0909090909090908,0.8201995322647243,1.0,1.2504544628399563,1.044465935734187,0,0,0,2,0,1,4,3,2,1,4,4,1,3,2,1,0,3,1,2,0,2
52,Atalanta-Inter,2,1,0,2,2,4,0,2,1,2,2,1,1.7272727272727273,0.9090909090909092,2.4545454545454546,0.5454545454545454,0.904534033733291,1.300349603340998,1.3684762594679063,0.8201995322647243,1,0,2,2,3,0,0,3,0,0,1,4,2,3,1,2,0,2,0,0,1,2
53,Milan-Udinese,2,2,2,0,1,3,0,1,1,1,1,17,1.6363636363636365,1.0909090909090908,0.6363636363636364,1.2727272727272727,1.2060453783110543,1.4459976109624426,0.674199862463242,1.3483997249264843,3,2,1,0,2,1,0,0,1,2,1,2,0,1,1,4,2,0,1,1,0,1
54,Verona-Monza,0,1,0,0,0,16,1,2,2,0,1,10,0.6363636363636364,1.3636363636363635,1.0909090909090908,0.9090909090909092,0.6741998624632421,1.2060453783110543,1.136181803634036,0.9438798074485388,0,0,1,1,0,1,0,2,3,1,0,1,3,0,1,0,0,0,1,1,1,3
55,Cagliari-Genoa,0,0,0,1,2,19,2,1,0,0,2,14,1.0,2.0,1.0909090909090908,1.4545454545454546,1.2649110640673518,1.2649110640673518,1.2210278829367864,1.1281521496355325,1,0,1,2,4,3,3,4,2,3,4,2,0,0,1,1,2,1,2,0,2,1
56,Roma-Lecce,0,2,2,2,0,9,0,0,1,1,0,11,2.0,1.2727272727272727,1.0,1.2727272727272727,1.949358868961793,1.1908743922772955,0.7745966692414834,1.1037127426019049,1,2,4,1,0,4,0,1,0,1,0,0,1,1,0,1,4,1,1,1,2,1
57,Fiorentina-Juventus,1,2,2,0,0,6,2,1,2,2,2,2,1.6363636363636365,1.3636363636363635,1.5454545454545454,0.5454545454545454,1.5015143870590966,1.12006493318265,0.9341987329938276,1.2135597524338355,1,3,3,0,0,1,0,1,2,1,1,0,2,1,1,0,0,0,0,0,0,1
58,Frosinone-Empoli,1,0,2,0,0,12,2,0,1,2,0,18,1.5454545454545454,1.6363636363636365,0.3636363636363636,1.9090909090909087,1.2135597524338355,1.12006493318265,0.674199862463242,2.0225995873897262,1,0,2,1,3,1,2,1,2,4,1,0,0,2,0,0,3,0,0,3,2,1
59,Torino-Sassuolo,0,1,0,0,2,13,2,0,1,0,1,15,0.8181818181818182,1.181818181818182,1.2727272727272727,1.7272727272727273,0.9816498172140428,1.4012980994907414,1.3483997249264843,0.9045340337332908,0,0,0,0,1,2,0,2,3,0,2,0,1,0,1,1,1,1,2,1,2,1
60,Sassuolo-Salernitana,0,1,0,1,0,15,0,0,1,0,0,20,1.3333333333333333,1.75,0.6666666666666666,2.0,1.3026778945578592,0.8660254037844386,0.8876253645985948,0.9534625892455924,0,1,0,1,1,1,1,2,1,2,0,0,2,0,0,4,3,2,1,2,2,2
61,Genoa-Verona,1,0,0,2,0,14,1,0,0,0,0,18,1.0833333333333333,1.3333333333333333,0.5833333333333334,1.3333333333333333,1.1645001528813153,1.1547005383792517,0.6685579234215214,1.1547005383792517,2,0,0,1,1,2,1,2,0,2,0,1,1,0,1,0,2,3,1,3,1,0
62,Lecce-Milan,0,1,1,0,0,13,2,2,0,1,0,3,1.0833333333333333,1.3333333333333333,1.6666666666666667,1.1666666666666667,0.7929614610987591,1.0730867399773196,1.1547005383792517,1.403458930534474,0,1,1,0,1,4,1,1,1,2,2,1,0,2,0,0,0,1,2,1,2,2
63,Juventus-Cagliari,1,2,2,2,2,2,0,0,1,2,2,17,1.5833333333333333,0.5833333333333334,1.0,2.0,0.90033663737852,1.1645001528813153,1.2060453783110543,1.2060453783110543,0,2,1,1,1,0,0,0,0,0,0,1,2,4,2,3,4,2,3,1,2,1
64,Monza-Torino,2,2,0,1,2,9,1,0,0,2,2,12,1.0833333333333333,0.9166666666666666,0.8333333333333334,1.1666666666666667,1.0836246694508318,0.90033663737852,0.9374368665610922,1.337115846843043,1,3,0,1,3,0,0,1,1,1,0,0,0,1,2,0,2,3,0,1,1,1
65,Napoli-Empoli,2,0,2,1,2,4,0,1,2,0,0,19,2.0,1.0833333333333333,0.4166666666666667,1.75,1.348399724926484,0.996204919895622,0.6685579234215214,2.0056737702645644,4,1,3,2,2,0,3,1,2,0,0,0,2,0,1,3,0,0,3,2,0,1
66,Fiorentina-Bologna,2,2,0,0,0,8,2,1,2,1,2,6,1.6666666666666667,1.3333333333333333,1.0833333333333333,0.8333333333333334,1.4354811251305468,1.0730867399773196,0.996204919895622,0.8348471099367218,3,3,0,0,0,0,1,2,1,1,3,2,2,1,1,0,2,1,1,0,2,1
67,Udinese-Atalanta,1,1,1,1,2,16,1,0,2,2,0,5,0.6666666666666666,1.25,1.6666666666666667,0.9166666666666666,0.6513389472789295,1.288057028664069,0.8876253645985945,1.2401124093721456,2,0,1,1,1,2,0,1,1,0,0,2,2,3,1,0,3,0,0,2,1,1
68,Lazio-Roma,0,2,2,2,0,10,2,2,2,0,2,7,1.0833333333333333,1.0833333333333333,1.8333333333333333,1.1666666666666667,0.996204919895622,0.996204919895622,1.9462473604038075,1.19341628287971,0,3,2,1,0,2,2,0,0,1,2,4,1,0,2,0,1,0,1,1,0,0
69,Inter-Frosinone,2,1,2,2,2,1,0,2,0,0,2,11,2.4166666666666665,0.5,1.4166666666666667,1.6666666666666667,1.311372170551507,0.7977240352174656,1.2401124093721454,1.0730867399773196,4,2,3,1,2,0,2,0,0,1,0,2,1,3,2,2,1,2,4,1,2,0
70,Salernitana-Lazio,0,1,0,0,1,20,2,2,2,0,1,10,0.7692307692307693,1.9230769230769231,1.0769230769230769,1.1538461538461535,0.9268086959962984,0.9540735874430284,0.9540735874430284,0.9870962335856492,0,2,0,0,2,3,2,1,2,2,3,2,1,0,0,2,0,0,1,0,2,1
71,Atalanta-Napoli,0,2,2,0,1,5,0,2,1,2,0,4,1.6153846153846154,1.0,2.0,1.0769230769230769,0.8697184926229041,1.224744871391589,1.2909944487358056,0.9540735874430284,2,2,3,1,1,3,0,0,2,1,1,3,2,2,0,3,1,2,0,1,1,2
72,Milan-Fiorentina,2,0,1,0,1,3,2,0,0,0,2,6,1.6153846153846154,1.0769230769230769,1.5384615384615383,1.3076923076923077,1.12089707663561,1.3821202589704018,1.4500221041639685,1.0315534712764842,1,0,2,0,2,0,1,2,1,2,3,0,0,0,2,1,2,1,1,1,1,0
73,Cagliari-Monza,0,1,2,2,0,18,2,0,1,2,1,9,1.0,1.9230769230769231,1.0769230769230769,0.9230769230769232,1.1547005383792517,1.1875421719907089,1.0377490433255416,0.8623164985025763,1,2,4,2,1,4,2,3,1,2,3,0,1,3,1,0,1,1,1,1,1,1
74,Empoli-Sassuolo,1,2,0,0,2,17,1,0,1,0,1,15,0.6153846153846154,1.9230769230769231,1.5384615384615383,1.8461538461538465,0.9607689228305228,2.019139192062568,1.4500221041639685,0.898717034272917,0,2,0,1,1,0,0,3,2,0,1,0,1,1,2,1,2,1,2,2,3,4
75,Frosinone-Genoa,2,0,0,2,0,12,0,0,2,0,2,13,1.4615384615384617,1.6153846153846154,1.0769230769230769,1.3846153846153846,1.1982893790305562,1.0439078454267836,1.1151635501529558,1.12089707663561,2,1,3,2,0,1,2,4,1,2,0,0,1,1,1,1,2,0,2,0,2,1
76,Roma-Udinese,2,2,0,2,1,7,1,1,1,2,1,16,1.9230769230769231,1.1538461538461535,0.6923076923076923,1.3846153846153846,1.8912755158683456,1.143543749793731,0.630425171956115,1.325296290046213,4,1,0,2,0,1,0,1,1,0,0,1,1,1,1,0,1,1,0,1,3,1
77,Juventus-Inter,2,2,2,2,2,2,1,2,2,2,2,1,1.5384615384615383,0.6153846153846154,2.3076923076923075,0.5384615384615384,0.8770580193070292,1.12089707663561,1.3155870289605438,0.7762500258061849,2,1,1,1,2,0,0,0,0,1,2,3,1,2,2,2,0,0,1,0,1,1
78,Verona-Lecce,0,0,0,0,0,19,1,1,0,0,1,14,0.6923076923076923,1.3846153846153846,1.1538461538461535,1.3846153846153846,0.7510676161988108,1.12089707663561,0.8006407690254357,1.0439078454267836,1,1,0,1,0,2,3,1,3,1,1,1,0,1,2,1,1,1,2,2,2,2
79,Bologna-Torino,1,2,1,2,0,8,0,0,2,2,1,11,1.1538461538461535,0.7692307692307693,0.7692307692307693,1.2307692307692308,0.987096233585649,0.8320502943378437,0.9268086959962984,1.3008872711759818,2,2,1,1,1,2,1,1,0,2,0,0,1,2,1,2,3,0,1,1,2,0
80,Monza-Juventus,0,1,2,1,1,9,2,2,2,2,1,2,1.0714285714285714,1.0,1.5714285714285714,0.6428571428571429,0.9972489631508747,0.8770580193070292,0.8516306272526403,1.0818177620697815,0,1,3,1,1,1,1,1,1,1,1,1,1,2,1,0,0,0,1,1,1,2
81,Genoa-Empoli,0,2,0,2,0,15,2,0,0,2,0,18,1.0714285714285714,1.3571428571428572,0.6428571428571429,1.8571428571428568,1.0716117059605352,1.0818177620697813,0.9287827316640652,1.955550005542129,0,1,1,1,1,2,0,2,0,2,2,0,1,1,3,0,3,2,0,4,1,1
82,Lazio-Cagliari,2,2,0,1,0,11,1,2,2,0,1,17,1.0714285714285714,1.0714285714285714,0.9285714285714286,1.8571428571428568,0.91687476825319,0.9972489631508746,1.1411388181101376,1.167320591199077,2,1,0,0,1,0,0,1,0,2,2,4,2,1,1,2,3,1,2,1,1,0
83,Milan-Frosinone,0,1,0,1,2,3,0,0,2,0,2,10,1.7142857142857142,1.0714285714285714,1.4285714285714286,1.7142857142857142,1.1387288073563857,1.3280573269766118,1.1578684470436789,1.0690449676496976,0,2,0,2,1,1,2,1,2,0,1,3,2,0,2,2,4,1,2,1,3,1
84,Lecce-Bologna,1,0,0,1,1,13,2,1,2,0,2,6,1.1428571428571428,1.3571428571428572,1.1428571428571428,0.7857142857142857,0.7703288865196432,1.0082080720186268,0.9492622930986468,0.8017837257372732,1,0,1,2,2,1,1,2,2,2,2,1,1,1,2,1,1,0,2,0,1,1
85,Fiorentina-Salernitana,0,0,0,2,0,8,1,0,0,1,2,20,1.6428571428571428,1.2142857142857142,0.7142857142857143,2.0,1.4468609447374663,1.05090228108783,0.9138735334633754,0.9607689228305228,0,0,0,2,0,2,1,1,1,1,2,0,0,2,2,2,1,2,2,1,3,0
86,Udinese-Verona,1,1,2,1,0,16,0,0,0,0,1,19,0.8571428571428571,1.5,0.8571428571428571,1.5,0.8644378215075663,1.3445044840729643,0.9492622930986466,1.1602387022306428,1,1,1,1,1,1,1,0,1,3,1,0,1,0,2,3,1,3,1,2,3,3
87,Sassuolo-Roma,0,1,0,1,2,14,2,0,2,1,2,5,1.5,1.8571428571428568,1.9285714285714288,1.1428571428571428,1.4005493427717788,0.8644378215075665,1.817195036917557,1.0994504121565505,0,1,1,2,4,2,1,2,2,3,1,0,2,0,3,0,1,1,0,1,1,2
88,Napoli-Inter,2,1,2,0,2,4,2,2,2,2,1,1,1.8571428571428568,1.2142857142857142,2.357142857142857,0.5,1.3506205330054124,1.05090228108783,1.27744594087896,0.7595545253127499,3,2,2,0,2,1,2,0,1,1,3,1,2,2,1,0,0,1,0,1,0,3
89,Torino-Atalanta,0,2,2,1,0,12,2,2,0,1,0,7,0.9285714285714286,1.1428571428571428,1.5,1.1428571428571428,1.071611705960535,1.292412345317728,0.9405399431259602,1.292412345317728,0,1,2,1,0,3,0,1,1,2,2,3,1,1,1,0,0,2,1,2,3,0
90,Juventus-Napoli,2,2,2,1,2,2,1,2,0,2,0,5,1.5333333333333334,0.6,1.7333333333333334,1.2,0.833809387832792,1.055597325823495,1.3870146083619754,1.0141851056742195,1,1,2,1,2,0,0,1,1,1,2,2,0,2,0,2,0,1,1,3,1,0
91,Verona-Lazio,0,0,0,1,1,18,2,0,1,0,2,9,0.8666666666666667,1.4666666666666666,1.0666666666666669,1.0666666666666669,0.9154754164341268,1.1254628677422756,0.883715101688537,0.9611501047232548,0,1,0,2,3,1,3,1,2,3,1,0,0,1,1,0,1,0,2,0,1,1
92,Atalanta-Milan,2,0,1,0,0,8,1,0,1,2,2,3,1.6,1.2,1.7333333333333334,1.2,0.9856107606091622,1.2649110640673518,1.0997835284835875,1.3732131246511905,3,1,1,1,0,0,2,1,2,3,2,0,2,1,3,2,1,2,0,1,3,2
93,Inter-Udinese,2,2,2,1,2,1,1,2,1,0,1,16,2.466666666666667,0.4666666666666667,0.8,1.6666666666666667,1.3020130933435712,0.7432233529572065,0.8618916073713347,1.4474937289114918,1,2,2,1,3,0,1,0,1,0,1,1,1,1,3,1,0,1,3,3,4,0
94,Frosinone-Torino,0,2,0,2,0,12,2,2,1,0,2,10,1.3333333333333333,1.6,0.8666666666666667,1.0666666666666669,1.1751393027860064,1.1212238211627763,1.0600988273786194,1.2798809468443688,3,2,0,2,1,4,1,2,1,3,1,2,1,0,3,0,1,1,2,0,0,0
95,Monza-Genoa,1,2,1,1,0,11,2,0,2,0,1,14,1.0666666666666669,0.9333333333333332,1.0,1.3333333333333333,0.9611501047232548,0.8837151016885368,1.0690449676496976,1.0465362369445672,1,3,1,1,1,1,1,1,1,2,1,1,1,1,1,0,2,0,2,1,1,0
96,Salernitana-Bologna,0,0,1,2,0,20,1,2,0,2,1,7,0.7333333333333333,2.0,1.2,0.8,0.8837151016885368,0.9258200997725514,0.94112394811432,0.7745966692414833,0,0,2,2,0,1,2,2,1,3,1,1,1,2,1,1,0,2,0,1,1,2
97,Roma-Fiorentina,0,2,1,2,2,4,0,0,2,0,2,6,1.8666666666666667,1.1333333333333333,1.6,1.2,1.7674302033770737,1.0600988273786192,1.4040757000349275,1.0141851056742195,0,2,0,3,2,1,1,0,1,1,0,0,2,0,3,1,1,1,1,0,1,1
98,Empoli-Lecce,0,0,2,0,1,17,0,0,1,1,1,13,0.6666666666666666,1.8,1.1333333333333333,1.3333333333333333,0.8997354108424372,1.897366596101028,0.7432233529572065,0.9759000729485332,0,1,1,3,1,3,2,0,4,1,0,1,2,2,1,1,2,2,2,1,1,1
99,Cagliari-Sassuolo,2,2,0,1,0,19,1,0,1,2,0,15,1.0,1.8,1.4666666666666666,1.8666666666666667,1.1338934190276817,1.1464230084422218,1.3557637102737474,0.8338093878327919,4,2,1,1,0,3,1,2,1,1,1,1,2,4,1,1,2,2,3,2,2,1
100,Genoa-Juventus,0,2,0,1,0,14,2,2,1,2,2,2,1.0,1.3125,1.5,0.625,1.0327955589886444,1.01447851956888,0.816496580927726,1.02469507659596,1,1,1,1,0,2,0,2,1,1,1,2,1,2,1,0,1,1,1,0,1,1
101,Lecce-Frosinone,0,1,1,1,1,13,2,0,2,0,1,12,1.1875,1.3125,1.3125,1.625,0.75,0.9464847243000456,1.138346754435279,1.0878112581387147,1,2,2,1,1,2,2,2,1,1,2,0,2,1,0,1,2,1,3,0,2,1
102,Napoli-Cagliari,2,0,2,0,0,6,2,0,1,0,2,16,1.75,1.1875,1.0,1.8125,1.3416407864998738,0.9810708435174292,1.095445115010332,1.1086778913041726,2,0,2,0,0,0,1,1,3,1,2,1,1,0,2,1,2,1,1,1,2,1
103,Torino-Empoli,2,1,0,2,1,11,0,2,0,1,1,18,0.875,1.0,0.625,1.75,1.02469507659596,1.2649110640673518,0.8850612031567836,1.8439088914585773,2,1,0,3,0,1,1,2,0,0,1,1,3,1,1,2,0,4,1,1,1,0
104,Milan-Monza,0,1,2,2,0,3,2,1,1,0,2,9,1.8125,1.125,1.0,1.0625,1.1086778913041726,1.3601470508735445,0.966091783079296,0.9979144919948468,0,2,1,3,2,1,2,0,1,3,3,1,1,1,1,1,1,1,2,0,3,0
105,Fiorentina-Verona,0,2,0,2,1,7,0,0,1,1,1,19,1.5625,1.125,0.8125,1.4375,1.3647344063956182,1.02469507659596,0.9105858919765156,1.0935416468216166,0,2,0,3,1,1,1,1,0,1,1,0,2,3,1,3,1,2,3,1,1,0
106,Udinese-Sassuolo,2,1,0,1,0,17,0,1,2,0,0,15,0.875,1.6875,1.5,1.875,0.8850612031567836,1.40089257261219,1.3165611772087666,0.806225774829855,1,1,1,3,0,0,1,3,3,4,1,2,4,1,1,2,2,3,2,2,2,2
107,Bologna-Roma,2,0,2,1,2,5,2,1,2,2,1,4,1.25,0.75,1.75,1.1875,0.9309493362512627,0.7745966692414834,1.7701224063135672,1.0468205831628137,1,1,2,1,2,0,2,0,1,1,2,0,3,2,1,1,0,1,1,1,2,0
108,Lazio-Inter,0,1,0,2,1,10,2,2,1,2,2,1,1.0,1.125,2.4375,0.4375,0.8944271909999159,0.957427107756338,1.2632629707758134,0.7274384280931732,0,0,1,1,1,1,0,2,0,1,2,2,1,3,4,1,0,1,0,0,0,2
109,Atalanta-Salernitana,0,1,0,0,2,8,0,1,2,0,0,20,1.75,1.1875,0.75,2.125,1.1254628677422756,1.2230426539304888,0.8563488385776752,1.02469507659596,1,1,1,0,3,2,1,2,3,2,0,2,2,0,1,2,2,1,3,2,4,1
110,Empoli-Lazio,2,0,1,1,0,18,1,0,2,1,0,11,0.5882352941176471,1.7647058823529411,1.0588235294117647,1.0588235294117647,0.8702602720890289,1.786386428124731,0.8993461677306269,0.9663454503498036,1,3,1,1,0,0,4,1,1,1,0,1,1,1,0,0,2,0,1,2,0,2
111,Sassuolo-Genoa,1,2,0,0,1,15,2,0,1,0,1,14,1.4705882352941178,1.8823529411764703,1.0588235294117647,1.2941176470588236,1.280510008689093,0.7812132344290249,1.0289915108550531,0.985184366143778,2,4,1,1,2,2,3,2,2,2,1,1,1,0,1,0,2,1,1,1,1,2
112,Monza-Fiorentina,1,1,0,2,0,10,2,0,2,1,2,6,0.9411764705882352,1.0588235294117647,1.5294117647058822,1.0588235294117647,0.9663454503498036,0.9663454503498036,1.3284223283101428,1.0289915108550531,1,1,1,1,0,1,1,2,0,3,2,0,3,1,1,1,1,0,1,0,0,1
113,Salernitana-Milan,1,2,0,0,0,20,1,2,2,0,2,3,0.8235294117647058,2.117647058823529,1.8235294117647056,1.1764705882352942,0.8828430011649196,0.9926198253344826,1.0744355563298726,1.3339459376998313,2,2,0,1,1,2,1,3,2,4,2,1,3,2,3,2,0,1,3,0,2,2
114,Frosinone-Juventus,0,2,0,1,0,13,2,1,2,2,1,2,1.2941176470588236,1.6470588235294117,1.5294117647058822,0.6470588235294118,1.1048023512348792,1.0571882797418488,0.7998161553463027,0.9963167462326072,0,2,1,0,1,2,1,3,0,2,2,1,2,1,1,1,1,1,0,1,1,2
115,Bologna-Atalanta,0,2,1,2,2,4,1,0,0,2,2,7,1.2352941176470589,0.7058823529411765,1.6470588235294117,1.1764705882352942,0.9034248560828044,0.7717436331412898,1.1694644324747672,1.1850788010532811,1,2,1,2,2,2,0,1,1,0,1,1,0,3,4,1,2,3,2,1,1,0
116,Torino-Udinese,1,0,2,1,2,9,1,0,1,0,1,17,0.8823529411764706,1.0,0.8823529411764706,1.6470588235294117,0.9926198253344826,1.224744871391589,0.8574929257125443,1.3666188418222287,1,0,3,0,1,1,2,0,0,0,1,1,3,0,2,1,3,3,4,2,1,1
117,Verona-Cagliari,0,1,1,1,0,19,0,1,0,2,0,16,0.8823529411764706,1.3529411764705883,0.9411764705882352,1.8235294117647056,0.9275204136012636,1.1147408034263075,1.0880365478290537,1.0744355563298724,0,2,3,1,0,1,2,3,1,1,1,1,0,2,1,2,1,1,1,2,2,0
118,Inter-Lecce,2,1,2,2,2,1,1,1,1,1,2,12,2.411764705882353,0.4117647058823529,1.1176470588235294,1.3529411764705883,1.2277430273377532,0.7122871199007255,0.7812132344290251,0.931475742477242,2,1,3,4,2,0,1,0,0,0,2,2,1,1,2,2,2,1,1,1,2,0
119,Roma-Napoli,1,2,2,1,0,8,0,2,0,0,2,5,1.7647058823529411,1.1176470588235294,1.6470588235294117,1.2352941176470589,1.7149858514250882,1.053704948098403,1.3666188418222285,0.970142500145332,0,3,2,1,0,0,1,1,1,2,0,2,0,0,2,1,1,3,1,1,2,0
120,Fiorentina-Torino,0,2,1,2,2,5,0,2,1,2,1,10,1.5,1.0,0.8333333333333334,1.0,1.2947859237091257,1.0289915108550531,0.985184366143778,1.1881770515720091,0,3,1,1,1,1,0,1,0,0,0,3,0,1,1,2,0,0,0,1,1,0
121,Napoli-Monza,2,0,0,2,0,7,1,0,2,0,0,11,1.5555555555555556,1.1666666666666667,0.8888888888888888,1.0,1.381483525788905,0.985184366143778,0.9633818428657448,0.970142500145332,2,0,0,2,0,1,3,1,1,2,1,1,1,0,0,1,2,0,3,1,0,0
122,Genoa-Inter,0,1,0,1,2,13,1,2,2,2,2,1,1.0555555555555556,1.2777777777777777,2.333333333333333,0.4444444444444444,0.9983646759294876,0.9582800496695998,1.2366938848016846,0.7047921864945659,1,1,0,1,2,2,1,1,1,1,1,3,4,2,2,1,0,0,0,0,1,1
123,Lazio-Frosinone,0,2,1,0,2,9,2,0,1,0,0,14,1.1666666666666667,1.0555555555555556,1.2777777777777777,1.7222222222222223,0.985184366143778,0.937595311059234,1.0740552924509192,1.0740552924509197,1,1,1,0,2,2,0,1,2,0,2,1,0,1,1,1,3,0,2,2,3,1
124,Atalanta-Lecce,0,0,2,2,0,8,1,1,1,2,0,12,1.6111111111111112,1.1111111111111112,1.0555555555555556,1.3333333333333333,1.1447521637192346,1.1826634392157036,0.802365782965103,0.90748521297303,1,0,3,4,0,2,3,2,1,1,2,1,1,2,0,2,1,1,1,2,1,0
125,Cagliari-Empoli,1,0,2,0,0,18,0,1,1,0,0,19,0.8888888888888888,1.7222222222222223,0.5555555555555556,1.6666666666666667,1.078609610939221,1.1274936053323583,0.8555852638929974,1.7822655773580136,1,0,2,1,0,1,1,1,2,2,3,1,1,0,0,4,1,1,1,2,0,0
126,Udinese-Bologna,0,1,0,1,1,17,2,1,2,2,2,4,1.0,1.5555555555555556,1.1666666666666667,0.8333333333333334,0.970142500145332,1.381483525788905,0.923548145182799,0.9235481451827988,1,3,0,2,1,3,3,4,2,1,2,1,2,2,1,0,1,1,0,0,3,0
127,Verona-Salernitana,1,1,1,0,2,16,2,0,0,0,1,20,0.8333333333333334,1.3333333333333333,0.8333333333333334,2.0,0.9235481451827988,1.0846522890932808,0.8574929257125442,1.0846522890932808,2,3,1,0,2,2,3,1,1,0,2,0,1,1,2,1,3,2,4,2,0,1
128,Milan-Sassuolo,2,2,0,2,1,3,2,0,0,1,0,15,1.7777777777777777,1.1111111111111112,1.3888888888888888,1.8333333333333333,1.0602749674192764,1.323493100445977,1.2897281468629185,0.7859052479933759,1,3,2,3,2,0,1,3,0,2,4,1,1,2,1,3,2,2,2,2,1,0
129,Juventus-Roma,1,2,2,1,2,2,2,2,1,0,2,6,1.5,0.6111111111111112,1.6666666666666667,1.1111111111111112,0.7859052479933758,0.9785276387866012,1.7149858514250884,1.0226199851298272,1,2,1,1,2,1,1,0,1,1,3,2,1,0,2,1,1,1,2,0,1,0
130,Bologna-Genoa,1,2,2,2,0,5,1,0,1,2,1,12,1.1578947368421053,0.8421052631578947,1.0526315789473684,1.263157894736842,0.8983415518941832,0.8983415518941832,0.9703197760719184,0.9334586382051248,1,2,2,1,0,1,1,0,0,3,1,0,1,2,1,1,1,1,1,1,1,1
131,Inter-Verona,2,2,2,2,1,1,1,1,0,2,0,17,2.3157894736842106,0.4736842105263157,0.8421052631578947,1.368421052631579,1.204280863279335,0.6966922684794661,0.8983415518941832,1.065130472748108,3,4,2,2,1,0,0,0,0,1,3,1,0,2,0,3,1,1,0,1,2,1
132,Frosinone-Monza,0,1,0,0,0,14,0,2,0,0,1,11,1.3157894736842106,1.7894736842105263,1.0,1.0526315789473684,1.056862840830108,1.0841764600337105,1.0540925533894598,0.9703197760719182,1,0,1,1,1,3,0,2,2,3,1,1,0,0,0,2,0,3,1,0,2,3
133,Lecce-Cagliari,1,1,2,0,0,13,0,2,0,0,1,18,1.0526315789473684,1.3157894736842106,0.8947368421052632,1.6842105263157894,0.7798635358208024,0.88522637273985,1.0485300208760655,1.1081832770072817,1,1,2,0,0,1,1,1,2,1,0,2,1,0,0,1,1,2,2,0,1,1
134,Sassuolo-Fiorentina,0,0,1,0,0,16,2,1,2,2,2,4,1.368421052631579,1.736842105263158,1.4210526315789471,1.0,1.2565617248750864,0.8719139396343283,1.304513083861144,1.0,1,1,2,1,0,2,2,2,2,1,3,1,1,1,1,0,1,0,0,0,1,0
135,Empoli-Milan,1,1,0,0,1,19,2,0,2,1,2,3,0.5263157894736842,1.736842105263158,1.8421052631578947,1.0526315789473684,0.8411910241920599,1.758853959674307,1.0678721258619792,1.3112201362143718,1,1,0,0,0,1,1,1,2,0,3,2,3,2,1,1,3,0,2,0,0,3
136,Torino-Napoli,2,1,2,1,0,10,0,0,2,0,1,8,0.9473684210526316,0.9473684210526316,1.4736842105263157,1.263157894736842,1.0787690624311024,1.1772701101619385,1.3891812557774843,1.045737659005349,3,0,1,1,0,0,0,0,1,1,0,0,2,0,0,3,1,1,2,0,3,0
137,Udinese-Lazio,1,0,1,1,2,15,2,1,0,2,2,9,1.0,1.5789473684210529,1.2105263157894737,1.0526315789473684,0.9428090415820634,1.346426937147361,0.9763280054720368,0.9112679939102144,3,0,2,1,3,3,4,2,1,0,1,1,0,2,3,0,1,2,0,1,1,2
138,Salernitana-Juventus,0,0,0,1,2,20,2,2,1,2,2,2,0.8421052631578947,2.0,1.5263157894736843,0.631578947368421,0.8342100651206136,1.0540925533894598,0.7723284457212329,0.9551338658818384,0,1,1,2,1,3,2,4,2,0,2,1,1,2,1,1,0,1,1,0,1,2
139,Roma-Atalanta,2,1,0,2,0,7,0,2,2,0,2,6,1.631578947368421,1.105263157894737,1.5789473684210529,1.105263157894737,1.6736694986296652,0.9941348467724344,1.1212983285105118,1.1496249070460265,2,1,0,2,0,1,1,2,0,1,0,3,4,0,1,3,2,1,1,0,1,1
140,Genoa-Torino,0,1,2,1,1,12,1,2,1,0,2,10,1.0,1.2,0.9,0.9,0.9733285267845752,0.9514531821875086,1.0711528467275957,1.1652874052533588,0,1,2,1,1,1,1,1,1,1,0,1,1,0,3,0,0,1,1,0,0,0
141,Napoli-Salernitana,0,2,0,1,0,9,0,0,1,2,0,20,1.5,1.25,0.85,2.0,1.3572417850765923,1.019545822516343,0.8127277008872492,1.025978352085154,0,2,0,0,0,1,1,2,0,3,1,1,2,1,1,2,4,2,0,2,2,1
142,Verona-Empoli,1,0,2,0,0,18,1,0,0,1,0,19,0.9,1.35,0.55,1.75,0.9119095061289916,1.0399898784932575,0.8255779474818966,1.7129537431920892,1,0,2,0,1,1,1,0,1,2,1,0,0,0,0,1,1,2,0,3,2,1
143,Monza-Inter,2,0,0,1,2,11,2,2,2,1,2,1,1.0,1.25,2.45,0.5,1.025978352085154,1.292692009559488,1.3168942730211068,0.6882472016116853,1,0,0,0,3,0,3,1,0,2,4,2,2,1,2,0,0,0,1,1,1,5
144,Lazio-Lecce,1,0,2,2,2,7,1,2,0,0,1,13,1.2,1.0,1.0,1.3,0.9514531821875089,0.9176629354822472,0.7947194142390263,0.8645047258706176,1,0,2,3,2,1,2,0,1,1,1,2,0,0,1,1,1,2,1,1,1,0
145,Cagliari-Bologna,2,0,0,1,1,17,2,2,2,0,1,5,0.95,1.65,1.15,0.9,1.0500626547722611,1.089422831256605,0.8750939799154207,0.9119095061289916,2,1,0,0,1,1,2,2,0,1,2,2,1,0,1,1,0,0,3,1,2,1
146,Fiorentina-Udinese,1,2,2,2,0,4,0,1,1,2,0,16,1.45,1.05,1.05,1.6,1.2763022245616642,0.998683343734455,0.9445132413883328,1.3138933706635725,1,1,1,1,0,1,0,0,0,1,0,2,1,3,1,4,2,1,0,2,2,2
147,Milan-Roma,0,2,1,2,2,3,1,0,2,0,1,8,1.9,1.05,1.6,1.2,1.0711528467275957,1.2763022245616642,1.635140425323255,1.0563093645728083,2,3,2,1,3,3,0,2,0,0,1,0,2,0,1,1,2,0,1,1,3,1
148,Atalanta-Frosinone,2,2,0,2,1,6,1,0,0,0,0,15,1.75,1.05,1.25,1.95,1.332784974957958,1.145931016569864,1.069923755276638,1.2763022245616642,3,4,0,1,1,2,1,1,0,1,0,1,1,1,2,0,2,2,3,3,5,0
149,Juventus-Sassuolo,2,1,2,2,2,2,0,1,0,0,2,14,1.6,0.6,1.3,1.8,0.8207826816681232,0.9403246919632544,1.260743306232687,0.8944271909999157,1,1,2,1,2,0,1,1,0,1,1,2,1,0,1,2,2,2,1,0,3,0
150,Roma-Verona,0,2,0,1,0,9,0,2,0,0,2,18,1.619047619047619,1.1904761904761905,0.9047619047619048,1.380952380952381,1.5961262630566069,1.030487633067356,0.8890872794479688,1.023532631438318,0,2,0,1,1,2,0,1,1,3,0,2,0,1,2,1,0,1,2,1,2,1
151,Udinese-Milan,1,1,2,0,1,16,2,1,2,2,2,3,1.0952380952380951,1.6666666666666667,1.9523809523809523,1.0952380952380951,0.9436504599035548,1.3165611772087666,1.0712698295103096,1.2611408289624877,2,1,3,1,2,2,1,0,2,2,3,2,1,3,3,0,2,0,0,1,2,3
152,Frosinone-Cagliari,0,0,0,0,0,15,0,0,1,1,2,17,1.3333333333333333,1.9047619047619049,0.9523809523809524,1.7142857142857142,1.1105554165971787,1.2611408289624877,1.0235326314383175,1.1019463300386796,1,1,1,2,0,2,2,3,3,5,1,0,0,1,2,2,2,0,1,1,3,1
153,Empoli-Monza,0,0,1,0,0,19,0,0,1,2,0,11,0.6666666666666666,1.6666666666666667,0.9523809523809524,1.3333333333333333,0.966091783079296,1.7126976771553506,1.0235326314383175,1.3165611772087666,0,0,0,0,1,1,2,0,3,2,0,0,0,3,1,3,1,0,2,5,3,0
154,Salernitana-Genoa,0,1,2,0,0,20,1,2,1,1,1,12,0.8571428571428571,2.0,1.0476190476190477,1.1904761904761905,0.7928249671720919,1.0,0.973457265430305,0.9283882603225668,1,2,1,1,1,4,2,0,2,2,1,2,1,1,0,1,1,1,1,0,1,2
155,Lecce-Juventus,2,0,0,1,0,13,1,2,2,2,2,2,0.9523809523809524,1.380952380952381,1.6666666666666667,0.5714285714285714,0.8047478161629563,0.9206622874969128,0.8563488385776753,0.9258200997725518,2,0,0,1,0,1,2,1,1,1,1,2,1,2,3,1,1,0,1,0,0,3
156,Bologna-Fiorentina,2,2,0,1,0,7,2,2,2,0,1,4,1.0952380952380951,0.8571428571428571,1.380952380952381,1.0,0.8890872794479688,0.9102589898327996,1.2835961388299078,1.0,2,1,0,1,1,0,0,3,1,2,1,1,1,0,2,0,0,0,1,2,0,0
157,Torino-Lazio,2,1,0,2,1,10,0,2,2,2,2,6,0.8571428571428571,0.8571428571428571,1.1428571428571428,0.9523809523809524,1.0623424252901832,1.1526367287968176,0.9636241116594316,0.9206622874969124,1,1,0,3,0,0,1,1,0,0,0,2,3,2,1,2,0,1,1,0,0,0
158,Sassuolo-Napoli,1,0,0,2,0,14,2,0,1,0,2,8,1.238095238095238,1.7142857142857142,1.4285714285714286,1.1904761904761905,1.2611408289624877,0.9561828874675148,1.3627702877384935,1.0304876330673562,2,1,0,1,0,2,2,1,0,3,2,0,0,0,2,1,2,0,3,1,0,0
159,Inter-Atalanta,2,2,1,2,2,1,2,0,2,1,2,5,2.333333333333333,0.4761904761904761,1.6666666666666667,1.0,1.390443574307614,0.6796357567879737,1.35400640077266,1.140175425099138,2,2,1,2,5,0,0,1,1,1,4,0,1,1,5,1,1,0,1,0,0,0
160,Cagliari-Torino,0,1,1,2,0,17,1,0,2,1,1,10,0.9545454545454546,1.7272727272727273,0.9090909090909092,0.8636363636363636,0.9989171626493852,1.0771133460194242,1.0649878563622843,1.1252705302431791,0,0,1,2,1,2,0,1,1,3,1,0,3,0,0,1,1,0,0,0,1,2
161,Atalanta-Udinese,0,2,1,2,1,5,1,2,0,1,0,16,1.681818181818182,0.9545454545454546,1.0454545454545454,1.681818181818182,1.3232846447693147,1.1329385612423049,0.9500512631418384,1.2867960816866657,0,1,1,5,0,1,0,1,0,0,1,3,1,2,2,1,0,2,2,3,2,0
162,Juventus-Empoli,2,2,2,2,2,2,0,1,0,0,2,19,1.6363636363636365,0.5909090909090909,0.6818181818181818,1.6363636363636365,0.8477114595277798,0.9081163607574336,0.9454836825347088,1.6774542658006546,2,1,2,3,3,1,0,1,0,0,0,0,0,1,3,2,0,3,2,0,1,1
163,Milan-Bologna,1,2,2,2,2,3,2,0,1,0,1,7,1.9545454545454544,1.1363636363636365,1.1363636363636365,0.9090909090909092,1.0455015987905485,1.245772070624499,0.8888437939499212,0.9211323729436764,2,1,3,3,3,2,0,0,1,2,1,0,1,1,0,0,3,1,2,0,2,2
164,Genoa-Lecce,2,1,1,1,2,11,0,0,1,0,0,14,1.0909090909090908,1.181818181818182,0.9545454545454546,1.4090909090909092,0.971454035826165,0.9069238239845852,0.7854190708679775,0.9081163607574336,2,1,1,0,2,1,1,1,0,1,0,0,1,0,0,2,1,1,1,3,2,1
165,Verona-Frosinone,2,0,0,2,0,18,0,0,0,0,2,13,0.9090909090909092,1.3636363636363635,1.318181818181818,1.8636363636363635,0.8678978933300582,1.0021621646864365,1.0861186305619106,1.245772070624499,2,0,1,2,1,0,1,2,1,2,1,1,2,0,3,2,3,3,5,1,1,1
166,Monza-Sassuolo,0,1,2,0,0,12,0,0,2,0,1,15,0.9545454545454546,1.2727272727272727,1.181818181818182,1.681818181818182,0.998917162649385,1.3159033899195378,1.258735708723473,0.9454836825347088,0,0,3,1,0,1,0,2,5,3,1,0,1,0,0,2,1,0,3,0,1,0
167,Lazio-Napoli,2,2,2,2,1,6,0,1,0,2,1,9,1.0909090909090908,0.9090909090909092,1.3636363636363635,1.1363636363636365,0.9714540358261649,0.9211323729436764,1.364357673585582,1.0371873387954442,2,3,2,1,0,0,1,1,0,0,0,0,0,2,0,2,0,3,1,0,0,0
168,Fiorentina-Inter,2,2,0,1,1,4,2,1,2,2,1,1,1.318181818181818,1.0,2.272727272727273,0.4545454545454545,1.2867960816866657,0.9759000729485332,1.386390248839742,0.6709817063202619,1,1,0,2,0,0,0,1,2,0,2,1,2,5,0,0,1,1,1,0,0,1
169,Salernitana-Roma,1,2,0,0,0,20,2,0,1,0,2,8,0.8636363636363636,2.0,1.6363636363636365,1.181818181818182,0.7743171827921033,0.9759000729485332,1.5597757636597744,1.006472559480393,2,1,1,1,1,2,0,2,2,2,2,0,1,1,2,0,1,1,3,1,1,2
170,Lecce-Fiorentina,0,1,0,0,0,14,2,0,1,1,0,6,1.0434782608695652,1.434782608695652,1.3478260869565215,1.0869565217391304,0.8779242496606939,0.8957519419470861,1.26522350350995,1.040674758303078,0,1,0,0,1,1,1,1,3,2,1,0,2,0,0,0,1,2,0,1,3,2
171,Empoli-Genoa,1,0,0,2,1,19,1,1,1,2,2,11,0.6521739130434783,1.565217391304348,1.0434782608695652,1.1304347826086956,0.9346217344793908,1.6740285366450525,0.9759965009980692,0.9197009309398034,0,0,1,3,1,0,3,2,0,1,1,1,0,2,2,1,1,0,1,1,0,0
172,Udinese-Monza,2,0,1,0,0,17,1,2,0,0,2,12,1.0,1.608695652173913,0.9130434782608696,1.2173913043478262,0.9534625892455924,1.3052039351200886,0.9960395884000188,1.3127528930087211,3,1,2,2,0,0,2,2,3,2,0,3,1,0,1,0,2,5,3,0,0,0
173,Frosinone-Milan,0,0,0,2,1,13,2,2,2,2,1,3,1.3478260869565215,1.9130434782608696,2.0,1.173913043478261,1.070628347881999,1.2399795994751788,1.044465935734187,1.2303796130035891,1,2,0,3,1,3,3,5,1,1,1,3,3,3,2,0,0,1,2,2,2,3
174,Bologna-Sassuolo,0,1,0,1,1,8,0,2,0,1,0,15,1.2608695652173914,0.9565217391304348,1.2173913043478262,1.7826086956521738,1.0538842141140994,0.9282564726687248,1.2415723806063763,1.0425720702853738,0,1,1,0,2,3,1,2,0,2,0,1,0,0,0,1,0,3,0,1,4,2
175,Torino-Salernitana,0,2,1,1,2,10,2,0,0,0,0,20,0.8695652173913043,0.8260869565217391,0.8260869565217391,1.9130434782608696,1.0576280419404611,1.114049693401326,0.7776522892681231,1.040674758303078,0,3,0,0,2,1,0,0,0,1,1,1,1,1,1,0,2,2,2,2,0,0
176,Napoli-Verona,1,0,2,1,1,9,0,0,2,0,1,16,1.391304347826087,1.1304347826086956,0.9130434782608696,1.391304347826087,1.3395769493246945,1.0137396037394035,0.8481554037632527,0.98807114368361,0,0,2,0,0,0,3,1,0,0,0,1,2,1,1,1,2,1,2,1,2,1
177,Atalanta-Lazio,2,1,2,1,2,4,2,2,2,1,1,7,1.7391304347826086,0.9565217391304348,1.0869565217391304,1.0,1.32175473258942,1.106931092113573,0.9493080483968248,1.0,1,1,5,0,2,0,1,0,0,0,3,2,1,0,0,1,1,0,0,0,3,1
178,Inter-Juventus,1,2,2,1,2,1,2,2,2,2,1,2,2.217391304347826,0.4347826086956521,1.565217391304348,0.6086956521739131,1.3802674885401556,0.66237087637185,0.8957519419470863,0.891328448531772,1,2,5,0,1,1,1,1,0,0,1,2,3,3,1,0,1,0,0,1,1,0
179,Roma-Cagliari,0,1,0,2,2,5,1,1,2,0,0,18,1.7391304347826086,1.1304347826086956,0.9130434782608696,1.826086956521739,1.601629604903814,1.0137396037394035,0.9960395884000192,1.1541298931561732,0,1,1,2,2,1,1,3,1,1,0,1,2,1,1,0,1,1,3,2,4,0
180,Salernitana-Empoli,0,0,0,0,1,20,0,0,2,1,1,19,0.8333333333333334,1.9583333333333333,0.75,1.5416666666666667,0.7613869876268812,1.0417028979206266,1.03209369308428,1.641292350469637,1,1,1,1,0,2,2,2,2,0,0,1,3,1,0,3,2,0,1,0,1,3
181,Cagliari-Lazio,1,2,0,0,0,18,2,2,1,1,0,9,0.9166666666666666,1.875,1.1666666666666667,1.0,0.9743076322798874,1.1539158284426272,1.0072203103706696,0.9780192938436516,1,2,1,1,0,1,1,3,2,4,2,1,0,0,1,1,0,0,0,3,1,3
182,Roma-Inter,1,0,2,2,2,5,2,2,1,2,2,1,1.75,1.25,2.2916666666666665,0.5,1.5673294928413857,1.1515584902738285,1.398109489606424,0.7223151185146152,1,1,2,2,4,1,3,1,1,0,2,5,0,1,1,1,1,0,0,0,2,4
183,Sassuolo-Torino,2,0,1,0,0,15,2,1,1,2,1,10,1.2083333333333333,1.75,0.875,0.8333333333333334,1.2150922908825974,1.03209369308428,1.034723235417589,1.0901402648748688,1,0,0,0,2,0,3,0,1,4,3,0,0,2,0,0,0,0,1,0,1,1
184,Fiorentina-Frosinone,0,1,1,0,0,8,0,0,2,1,0,14,1.5,1.0833333333333333,1.3333333333333333,2.0416666666666665,1.4446302370292303,1.017954755408103,1.0494995356656045,1.3666578295932037,0,2,0,0,2,1,2,0,1,3,2,0,3,1,2,3,5,1,1,3,5,1
185,Bologna-Lecce,1,0,1,1,2,6,1,0,0,0,2,13,1.375,0.9166666666666666,1.0,1.5416666666666667,1.1726039399558574,0.928611242975073,0.8846517369293828,1.0206207261596574,1,1,0,2,4,1,2,0,2,2,1,0,0,1,3,1,1,3,2,2,4,0
186,Monza-Verona,2,0,0,2,1,12,0,2,0,1,0,17,0.875,1.1666666666666667,0.875,1.3333333333333333,0.9918143234365558,1.3077250963165892,0.8501917942185291,1.0072203103706696,3,1,0,1,0,2,5,3,0,0,1,2,1,1,1,2,1,2,1,2,0,0
187,Genoa-Atalanta,1,1,2,2,1,11,1,2,1,2,2,4,1.0416666666666667,1.25,1.8333333333333333,0.9583333333333334,0.954584665735822,1.0733936430981312,1.3726099121798927,1.082636342118332,1,0,2,2,0,1,0,1,1,0,1,5,0,2,3,1,0,0,0,1,1,4
188,Milan-Napoli,2,2,2,1,2,3,0,2,1,1,2,7,1.9583333333333333,1.125,1.3333333333333333,1.125,1.0417028979206269,1.226961606004318,1.3405601251996726,0.9918143234365558,3,3,3,2,3,0,1,2,2,2,0,2,0,0,2,3,1,0,0,1,1,0
189,Juventus-Udinese,2,2,2,1,0,2,0,1,0,0,1,16,1.5,0.625,1.0,1.5416666666666667,0.9325048082403138,0.8753881126826472,0.9325048082403138,1.3180739131701644,2,3,3,1,0,1,0,0,1,1,1,2,2,0,0,2,2,3,2,0,0,1
190,Torino-Lecce,1,1,2,1,1,10,0,0,0,2,0,13,0.92,0.8,0.96,1.56,1.0376254944182253,1.0801234497346437,0.8888194417315589,1.003327796219494,0,0,2,0,1,0,0,1,0,1,0,0,1,3,0,1,3,2,2,4,2,0
191,Inter-Salernitana,2,1,2,2,2,1,0,0,0,1,0,20,2.36,0.48,0.8,2.04,1.4106735979665883,0.7141428428542851,0.7637626158259733,1.098483803552272,5,0,1,1,4,1,0,0,0,2,1,1,1,0,1,2,2,2,0,3,4,0
192,Napoli-Genoa,2,1,1,2,0,9,1,2,2,1,0,12,1.32,1.12,1.04,1.24,1.3140268896284684,0.9712534856222308,0.9345230512584124,1.0519822558706335,2,0,0,2,0,1,0,0,1,1,0,2,2,0,1,0,1,1,0,4,1,1
193,Verona-Juventus,2,0,1,0,1,18,2,2,1,0,0,2,0.92,1.36,1.52,0.68,0.8621678104251707,0.99498743710662,0.918331820930394,0.8999999999999998,2,1,1,1,0,1,2,1,2,0,3,3,1,0,0,0,0,1,1,1,2,2
194,Atalanta-Sassuolo,2,1,2,2,2,4,0,1,0,0,1,16,1.88,0.92,1.16,1.8,1.3638181696985854,1.0770329614269003,1.2138094304022082,1.0408329997330663,5,0,2,3,4,0,0,0,1,1,0,0,0,2,1,3,0,1,4,1,3,0
195,Lazio-Bologna,2,1,1,0,2,8,0,1,1,2,2,5,1.16,1.04,1.4,0.92,0.9865765724632496,0.9780933834080808,1.1547005383792517,0.9092121131323904,1,0,0,1,3,0,0,0,3,1,1,0,2,4,4,2,0,2,2,0,1,2
196,Empoli-Fiorentina,0,2,1,1,2,17,1,1,0,0,2,7,0.76,1.52,1.48,1.08,1.011599393699568,1.6103829772241554,1.417744687875783,0.99666109251507,1,3,1,0,3,2,0,1,0,1,2,0,0,2,5,2,0,1,3,1,1,1
197,Udinese-Cagliari,1,0,0,1,2,15,2,0,0,0,0,19,1.0,1.52,0.92,1.84,0.9128709291752768,1.2948616399703357,0.9539392014169454,1.1430952132988166,2,2,0,0,1,2,3,2,0,0,2,1,1,0,1,1,3,2,4,3,1,1
198,Frosinone-Roma,0,2,1,0,0,14,0,2,2,2,0,6,1.28,2.08,1.8,1.2,1.0614455552060436,1.351542328847553,1.5545631755148026,1.1547005383792512,0,3,1,2,1,5,1,1,3,5,1,2,2,4,2,3,1,1,0,4,0,3
199,Monza-Milan,0,0,2,1,1,11,2,2,1,2,2,3,1.0,1.2,1.96,1.24,1.1547005383792517,1.2909944487358054,1.0198039027185573,1.3316656236958786,1,0,1,0,0,5,3,0,0,0,3,3,2,3,1,1,2,2,2,0,4,2
200,Lazio-Milan,1,0,2,0,0,9,1,2,2,0,1,3,1.1538461538461535,1.0769230769230769,1.9230769230769231,1.2307692307692308,0.9671528397231822,0.9766504768063926,1.016782254883588,1.3056092005709,0,1,3,1,1,0,3,1,2,2,2,3,1,2,1,2,2,0,4,1,0,0
201,Udinese-Salernitana,0,1,2,1,0,15,0,1,0,0,0,20,0.9615384615384616,1.5384615384615383,0.7692307692307693,2.0384615384615383,0.9156754547663372,1.2721876978109554,0.7646014547562573,1.076318511622623,0,0,1,1,0,2,0,0,1,2,1,0,1,0,0,2,0,3,4,2,0,0
202,Monza-Roma,2,1,1,2,2,11,2,2,0,2,2,6,1.0384615384615383,1.1538461538461535,1.8461538461538465,1.2307692307692308,1.1482428046635165,1.2866175093572352,1.541228281399163,1.1421976118935744,1,0,0,4,2,0,0,0,2,0,2,4,2,3,3,1,0,4,0,2,0,0
203,Torino-Fiorentina,2,1,1,2,0,10,0,0,2,1,2,7,0.9615384615384616,0.8846153846153846,1.5,1.0769230769230769,1.0384900280992295,1.1428708790383306,1.3928388277184118,0.9766504768063926,2,0,1,2,2,1,0,1,0,3,0,2,5,1,2,1,3,1,1,1,0,0
204,Verona-Sassuolo,1,0,1,1,0,18,0,0,1,0,0,17,0.8846153846153846,1.3846153846153846,1.1923076923076923,1.8461538461538465,0.8638019716079873,0.9829312519977406,1.2006408545183118,1.0466062370273812,1,1,0,2,0,1,2,0,2,2,0,2,1,0,2,1,4,1,3,3,0,0
205,Empoli-Cagliari,1,1,2,1,2,13,0,0,0,1,1,19,0.8461538461538461,1.5384615384615383,0.9230769230769232,1.807692307692308,1.0841515647660225,1.580652250958932,0.9347973865208192,1.132050556087696,1,0,3,1,3,1,0,1,1,2,1,0,1,1,1,2,4,3,1,1,0,0
206,Frosinone-Lecce,1,0,0,0,0,16,0,2,0,0,0,14,1.3076923076923077,2.1153846153846154,0.9230769230769232,1.6538461538461535,1.049542024665264,1.3364706678987932,0.8909804452658623,1.0933364602832083,1,2,1,0,2,1,3,5,3,3,1,3,0,0,0,2,2,4,2,4,0,0
207,Atalanta-Bologna,2,2,2,2,1,4,1,2,2,2,2,5,1.8461538461538465,0.9230769230769232,1.4230769230769231,0.8846153846153846,1.34736209512685,1.055389100685692,1.1374735838014671,0.9089300556994724,2,3,4,3,1,0,1,1,0,1,2,4,4,2,2,2,2,0,1,0,0,0
208,Napoli-Juventus,1,2,0,1,1,8,1,0,0,1,2,2,1.3076923076923077,1.1153846153846154,1.5769230769230769,0.7307692307692307,1.2890067732709791,0.9519211344191526,0.9454343731037887,0.9190295885418404,0,2,0,1,1,0,1,1,1,1,1,0,0,2,3,1,1,1,2,2,0,0
209,Inter-Genoa,2,2,2,2,2,1,2,1,0,1,2,12,2.423076923076923,0.4615384615384615,1.0769230769230769,1.1923076923076923,1.4191004734852828,0.7060180864974626,0.9347973865208192,1.0590271297461935,1,1,4,4,4,0,0,2,0,0,2,0,1,1,2,1,0,4,1,0,0,0
